"tab_code","表章項目","cat01_code","食材別","cat02_code","地場産物・国産食材","time_code","時間軸（年度）","unit","value","annotation"
"100","使用割合","100","アーモンド","100","地場産物","2016100000","2016年度","比率",0,NA
"100","使用割合","100","アーモンド","110","国産食材","2016100000","2016年度","比率",0,NA
"100","使用割合","110","アイスクリーム類","100","地場産物","2016100000","2016年度","比率",0,NA
"100","使用割合","110","アイスクリーム類","110","国産食材","2016100000","2016年度","比率",1,NA
"100","使用割合","120","あおさ","100","地場産物","2017100000","2017年度","比率",0.189,NA
"100","使用割合","120","あおさ","100","地場産物","2016100000","2016年度","比率",0.211,NA
"100","使用割合","120","あおさ","110","国産食材","2017100000","2017年度","比率",0.892,NA
"100","使用割合","120","あおさ","110","国産食材","2016100000","2016年度","比率",0.895,NA
"100","使用割合","130","あおのり","100","地場産物","2017100000","2017年度","比率",0.056,NA
"100","使用割合","130","あおのり","100","地場産物","2016100000","2016年度","比率",0.081,NA
"100","使用割合","130","あおのり","110","国産食材","2017100000","2017年度","比率",0.986,NA
"100","使用割合","130","あおのり","110","国産食材","2016100000","2016年度","比率",0.911,NA
"100","使用割合","140","あこうだい","100","地場産物","2016100000","2016年度","比率",0,NA
"100","使用割合","140","あこうだい","110","国産食材","2016100000","2016年度","比率",0,NA
"100","使用割合","150","あさつき","100","地場産物","2017100000","2017年度","比率",0.2,NA
"100","使用割合","150","あさつき","100","地場産物","2016100000","2016年度","比率",1,NA
"100","使用割合","150","あさつき","110","国産食材","2017100000","2017年度","比率",1,NA
"100","使用割合","150","あさつき","110","国産食材","2016100000","2016年度","比率",1,NA
"100","使用割合","160","あさり","100","地場産物","2017100000","2017年度","比率",0,NA
"100","使用割合","160","あさり","100","地場産物","2016100000","2016年度","比率",0,NA
"100","使用割合","160","あさり","110","国産食材","2017100000","2017年度","比率",0.317,NA
"100","使用割合","160","あさり","110","国産食材","2016100000","2016年度","比率",0.232,NA
"100","使用割合","170","あしたば","100","地場産物","2017100000","2017年度","比率",0.571,NA
"100","使用割合","170","あしたば","100","地場産物","2016100000","2016年度","比率",0.833,NA
"100","使用割合","170","あしたば","110","国産食材","2017100000","2017年度","比率",1,NA
"100","使用割合","170","あしたば","110","国産食材","2016100000","2016年度","比率",1,NA
"100","使用割合","180","あじ類","100","地場産物","2017100000","2017年度","比率",0.253,NA
"100","使用割合","180","あじ類","100","地場産物","2016100000","2016年度","比率",0.271,NA
"100","使用割合","180","あじ類","110","国産食材","2017100000","2017年度","比率",0.56,NA
"100","使用割合","180","あじ類","110","国産食材","2016100000","2016年度","比率",0.723,NA
"100","使用割合","190","あずき","100","地場産物","2017100000","2017年度","比率",0.091,NA
"100","使用割合","190","あずき","100","地場産物","2016100000","2016年度","比率",0.286,NA
"100","使用割合","190","あずき","110","国産食材","2017100000","2017年度","比率",0.818,NA
"100","使用割合","190","あずき","110","国産食材","2016100000","2016年度","比率",0.857,NA
"100","使用割合","200","アスパラガス","100","地場産物","2017100000","2017年度","比率",0.567,NA
"100","使用割合","200","アスパラガス","100","地場産物","2016100000","2016年度","比率",0.53,NA
"100","使用割合","200","アスパラガス","110","国産食材","2017100000","2017年度","比率",0.948,NA
"100","使用割合","200","アスパラガス","110","国産食材","2016100000","2016年度","比率",0.88,NA
"100","使用割合","210","アセロラ","100","地場産物","2016100000","2016年度","比率",0,NA
"100","使用割合","210","アセロラ","110","国産食材","2016100000","2016年度","比率",0,NA
"100","使用割合","220","あなご","100","地場産物","2016100000","2016年度","比率",0.5,NA
"100","使用割合","220","あなご","110","国産食材","2016100000","2016年度","比率",0.5,NA
"100","使用割合","230","あまご","100","地場産物","2017100000","2017年度","比率",1,NA
"100","使用割合","230","あまご","100","地場産物","2016100000","2016年度","比率",1,NA
"100","使用割合","230","あまご","110","国産食材","2017100000","2017年度","比率",1,NA
"100","使用割合","230","あまご","110","国産食材","2016100000","2016年度","比率",1,NA
"100","使用割合","240","あまのり","100","地場産物","2017100000","2017年度","比率",0.267,NA
"100","使用割合","240","あまのり","100","地場産物","2016100000","2016年度","比率",0.245,NA
"100","使用割合","240","あまのり","110","国産食材","2017100000","2017年度","比率",0.963,NA
"100","使用割合","240","あまのり","110","国産食材","2016100000","2016年度","比率",0.973,NA
"100","使用割合","250","アマランサス","100","地場産物","2017100000","2017年度","比率",0,NA
"100","使用割合","250","アマランサス","110","国産食材","2017100000","2017年度","比率",0.75,NA
"100","使用割合","260","あゆ","100","地場産物","2017100000","2017年度","比率",1,NA
"100","使用割合","260","あゆ","100","地場産物","2016100000","2016年度","比率",1,NA
"100","使用割合","260","あゆ","110","国産食材","2017100000","2017年度","比率",1,NA
"100","使用割合","260","あゆ","110","国産食材","2016100000","2016年度","比率",1,NA
"100","使用割合","270","アラスカメヌケ","100","地場産物","2017100000","2017年度","比率",0,NA
"100","使用割合","270","アラスカメヌケ","100","地場産物","2016100000","2016年度","比率",0,NA
"100","使用割合","270","アラスカメヌケ","110","国産食材","2017100000","2017年度","比率",0.077,NA
"100","使用割合","270","アラスカメヌケ","110","国産食材","2016100000","2016年度","比率",0.167,NA
"100","使用割合","280","あらめ","100","地場産物","2017100000","2017年度","比率",0.75,NA
"100","使用割合","280","あらめ","100","地場産物","2016100000","2016年度","比率",1,NA
"100","使用割合","280","あらめ","110","国産食材","2017100000","2017年度","比率",1,NA
"100","使用割合","280","あらめ","110","国産食材","2016100000","2016年度","比率",1,NA
"100","使用割合","290","アロエ","100","地場産物","2016100000","2016年度","比率",0,NA
"100","使用割合","290","アロエ","110","国産食材","2016100000","2016年度","比率",0,NA
"100","使用割合","300","あわ","100","地場産物","2017100000","2017年度","比率",0.167,NA
"100","使用割合","300","あわ","100","地場産物","2016100000","2016年度","比率",0.154,NA
"100","使用割合","300","あわ","110","国産食材","2017100000","2017年度","比率",0.667,NA
"100","使用割合","300","あわ","110","国産食材","2016100000","2016年度","比率",0.692,NA
"100","使用割合","310","あんず","100","地場産物","2017100000","2017年度","比率",0.3,NA
"100","使用割合","310","あんず","100","地場産物","2016100000","2016年度","比率",0.25,NA
"100","使用割合","310","あんず","110","国産食材","2017100000","2017年度","比率",0.3,NA
"100","使用割合","310","あんず","110","国産食材","2016100000","2016年度","比率",0.5,NA
"100","使用割合","320","いかなご","100","地場産物","2017100000","2017年度","比率",0,NA
"100","使用割合","320","いかなご","100","地場産物","2016100000","2016年度","比率",0.077,NA
"100","使用割合","320","いかなご","110","国産食材","2017100000","2017年度","比率",1,NA
"100","使用割合","320","いかなご","110","国産食材","2016100000","2016年度","比率",1,NA
"100","使用割合","330","いか類","100","地場産物","2017100000","2017年度","比率",0.072,NA
"100","使用割合","330","いか類","100","地場産物","2016100000","2016年度","比率",0.115,NA
"100","使用割合","330","いか類","110","国産食材","2017100000","2017年度","比率",0.373,NA
"100","使用割合","330","いか類","110","国産食材","2016100000","2016年度","比率",0.531,NA
"100","使用割合","340","いさき","100","地場産物","2016100000","2016年度","比率",1,NA
"100","使用割合","340","いさき","110","国産食材","2016100000","2016年度","比率",1,NA
"100","使用割合","350","いしだい","100","地場産物","2016100000","2016年度","比率",1,NA
"100","使用割合","350","いしだい","110","国産食材","2016100000","2016年度","比率",1,NA
"100","使用割合","360","いちご","100","地場産物","2017100000","2017年度","比率",0.338,NA
"100","使用割合","360","いちご","100","地場産物","2016100000","2016年度","比率",0.3,NA
"100","使用割合","360","いちご","110","国産食材","2017100000","2017年度","比率",0.588,NA
"100","使用割合","360","いちご","110","国産食材","2016100000","2016年度","比率",0.65,NA
"100","使用割合","370","いちじく","100","地場産物","2017100000","2017年度","比率",0.8,NA
"100","使用割合","370","いちじく","100","地場産物","2016100000","2016年度","比率",1,NA
"100","使用割合","370","いちじく","110","国産食材","2017100000","2017年度","比率",1,NA
"100","使用割合","370","いちじく","110","国産食材","2016100000","2016年度","比率",1,NA
"100","使用割合","380","いとよりだい","100","地場産物","2017100000","2017年度","比率",0,NA
"100","使用割合","380","いとよりだい","100","地場産物","2016100000","2016年度","比率",0,NA
"100","使用割合","380","いとよりだい","110","国産食材","2017100000","2017年度","比率",0.122,NA
"100","使用割合","380","いとよりだい","110","国産食材","2016100000","2016年度","比率",0.056,NA
"100","使用割合","390","いのしし","100","地場産物","2016100000","2016年度","比率",1,NA
"100","使用割合","390","いのしし","110","国産食材","2016100000","2016年度","比率",1,NA
"100","使用割合","400","いぼだい","100","地場産物","2017100000","2017年度","比率",0.667,NA
"100","使用割合","400","いぼだい","100","地場産物","2016100000","2016年度","比率",1,NA
"100","使用割合","400","いぼだい","110","国産食材","2017100000","2017年度","比率",1,NA
"100","使用割合","400","いぼだい","110","国産食材","2016100000","2016年度","比率",1,NA
"100","使用割合","410","いわし類","100","地場産物","2017100000","2017年度","比率",0.28,NA
"100","使用割合","410","いわし類","100","地場産物","2016100000","2016年度","比率",0.277,NA
"100","使用割合","410","いわし類","110","国産食材","2017100000","2017年度","比率",0.961,NA
"100","使用割合","410","いわし類","110","国産食材","2016100000","2016年度","比率",0.972,NA
"100","使用割合","420","いわな","100","地場産物","2017100000","2017年度","比率",1,NA
"100","使用割合","420","いわな","100","地場産物","2016100000","2016年度","比率",1,NA
"100","使用割合","420","いわな","110","国産食材","2017100000","2017年度","比率",1,NA
"100","使用割合","420","いわな","110","国産食材","2016100000","2016年度","比率",1,NA
"100","使用割合","430","いわのり","100","地場産物","2017100000","2017年度","比率",0,NA
"100","使用割合","430","いわのり","100","地場産物","2016100000","2016年度","比率",0.5,NA
"100","使用割合","430","いわのり","110","国産食材","2017100000","2017年度","比率",1,NA
"100","使用割合","430","いわのり","110","国産食材","2016100000","2016年度","比率",1,NA
"100","使用割合","440","いんげんまめ","100","地場産物","2017100000","2017年度","比率",0.105,NA
"100","使用割合","440","いんげんまめ","100","地場産物","2016100000","2016年度","比率",0.098,NA
"100","使用割合","440","いんげんまめ","110","国産食材","2017100000","2017年度","比率",0.715,NA
"100","使用割合","440","いんげんまめ","110","国産食材","2016100000","2016年度","比率",0.718,NA
"100","使用割合","450","うし","100","地場産物","2017100000","2017年度","比率",0.282,NA
"100","使用割合","450","うし","100","地場産物","2016100000","2016年度","比率",0.248,NA
"100","使用割合","450","うし","110","国産食材","2017100000","2017年度","比率",0.768,NA
"100","使用割合","450","うし","110","国産食材","2016100000","2016年度","比率",0.728,NA
"100","使用割合","460","うずら卵","100","地場産物","2017100000","2017年度","比率",0.102,NA
"100","使用割合","460","うずら卵","100","地場産物","2016100000","2016年度","比率",0.124,NA
"100","使用割合","460","うずら卵","110","国産食材","2017100000","2017年度","比率",0.963,NA
"100","使用割合","460","うずら卵","110","国産食材","2016100000","2016年度","比率",0.989,NA
"100","使用割合","470","うど類","100","地場産物","2016100000","2016年度","比率",1,NA
"100","使用割合","470","うど類","110","国産食材","2016100000","2016年度","比率",1,NA
"100","使用割合","480","うま","100","地場産物","2017100000","2017年度","比率",0,NA
"100","使用割合","480","うま","110","国産食材","2017100000","2017年度","比率",1,NA
"100","使用割合","490","うめ","100","地場産物","2017100000","2017年度","比率",0.172,NA
"100","使用割合","490","うめ","100","地場産物","2016100000","2016年度","比率",0.214,NA
"100","使用割合","490","うめ","110","国産食材","2017100000","2017年度","比率",0.906,NA
"100","使用割合","490","うめ","110","国産食材","2016100000","2016年度","比率",0.929,NA
"100","使用割合","500","えごのり","100","地場産物","2017100000","2017年度","比率",0,NA
"100","使用割合","500","えごのり","110","国産食材","2017100000","2017年度","比率",1,NA
"100","使用割合","510","えごま","100","地場産物","2017100000","2017年度","比率",1,NA
"100","使用割合","510","えごま","100","地場産物","2016100000","2016年度","比率",1,NA
"100","使用割合","510","えごま","110","国産食材","2017100000","2017年度","比率",1,NA
"100","使用割合","510","えごま","110","国産食材","2016100000","2016年度","比率",1,NA
"100","使用割合","520","えそ（魚類）","100","地場産物","2017100000","2017年度","比率",0.167,NA
"100","使用割合","520","えそ（魚類）","100","地場産物","2016100000","2016年度","比率",0.2,NA
"100","使用割合","520","えそ（魚類）","110","国産食材","2017100000","2017年度","比率",0.333,NA
"100","使用割合","520","えそ（魚類）","110","国産食材","2016100000","2016年度","比率",0.6,NA
"100","使用割合","530","えだまめ","100","地場産物","2017100000","2017年度","比率",0.047,NA
"100","使用割合","530","えだまめ","100","地場産物","2016100000","2016年度","比率",0.056,NA
"100","使用割合","530","えだまめ","110","国産食材","2017100000","2017年度","比率",0.478,NA
"100","使用割合","530","えだまめ","110","国産食材","2016100000","2016年度","比率",0.48,NA
"100","使用割合","540","えのきたけ","100","地場産物","2017100000","2017年度","比率",0.283,NA
"100","使用割合","540","えのきたけ","100","地場産物","2016100000","2016年度","比率",0.285,NA
"100","使用割合","540","えのきたけ","110","国産食材","2017100000","2017年度","比率",0.995,NA
"100","使用割合","540","えのきたけ","110","国産食材","2016100000","2016年度","比率",1,NA
"100","使用割合","550","えび類","100","地場産物","2017100000","2017年度","比率",0.086,NA
"100","使用割合","550","えび類","100","地場産物","2016100000","2016年度","比率",0.1,NA
"100","使用割合","550","えび類","110","国産食材","2017100000","2017年度","比率",0.172,NA
"100","使用割合","550","えび類","110","国産食材","2016100000","2016年度","比率",0.209,NA
"100","使用割合","560","えんどう","100","地場産物","2017100000","2017年度","比率",0,NA
"100","使用割合","560","えんどう","100","地場産物","2016100000","2016年度","比率",0,NA
"100","使用割合","560","えんどう","110","国産食材","2017100000","2017年度","比率",0.1,NA
"100","使用割合","560","えんどう","110","国産食材","2016100000","2016年度","比率",0.219,NA
"100","使用割合","570","えんどう類","100","地場産物","2017100000","2017年度","比率",0.03,NA
"100","使用割合","570","えんどう類","100","地場産物","2016100000","2016年度","比率",0.066,NA
"100","使用割合","570","えんどう類","110","国産食材","2017100000","2017年度","比率",0.299,NA
"100","使用割合","570","えんどう類","110","国産食材","2016100000","2016年度","比率",0.338,NA
"100","使用割合","580","おおさかしろな","100","地場産物","2017100000","2017年度","比率",0.5,NA
"100","使用割合","580","おおさかしろな","100","地場産物","2016100000","2016年度","比率",1,NA
"100","使用割合","580","おおさかしろな","110","国産食材","2017100000","2017年度","比率",1,NA
"100","使用割合","580","おおさかしろな","110","国産食材","2016100000","2016年度","比率",1,NA
"100","使用割合","590","おおむぎ","100","地場産物","2017100000","2017年度","比率",0.274,NA
"100","使用割合","590","おおむぎ","100","地場産物","2016100000","2016年度","比率",0.186,NA
"100","使用割合","590","おおむぎ","110","国産食材","2017100000","2017年度","比率",0.975,NA
"100","使用割合","590","おおむぎ","110","国産食材","2016100000","2016年度","比率",0.991,NA
"100","使用割合","600","おおむぎ七分つき押麦","100","地場産物","2017100000","2017年度","比率",0,NA
"100","使用割合","600","おおむぎ七分つき押麦","100","地場産物","2016100000","2016年度","比率",0.05,NA
"100","使用割合","600","おおむぎ七分つき押麦","110","国産食材","2017100000","2017年度","比率",0.882,NA
"100","使用割合","600","おおむぎ七分つき押麦","110","国産食材","2016100000","2016年度","比率",1,NA
"100","使用割合","610","おかひじき","100","地場産物","2017100000","2017年度","比率",0,NA
"100","使用割合","610","おかひじき","100","地場産物","2016100000","2016年度","比率",0.4,NA
"100","使用割合","610","おかひじき","110","国産食材","2017100000","2017年度","比率",1,NA
"100","使用割合","610","おかひじき","110","国産食材","2016100000","2016年度","比率",1,NA
"100","使用割合","620","おきあみ","100","地場産物","2017100000","2017年度","比率",0.333,NA
"100","使用割合","620","おきあみ","100","地場産物","2016100000","2016年度","比率",0,NA
"100","使用割合","620","おきあみ","110","国産食材","2017100000","2017年度","比率",0.417,NA
"100","使用割合","620","おきあみ","110","国産食材","2016100000","2016年度","比率",0.1,NA
"100","使用割合","630","オクラ","100","地場産物","2017100000","2017年度","比率",0.231,NA
"100","使用割合","630","オクラ","100","地場産物","2016100000","2016年度","比率",0.636,NA
"100","使用割合","630","オクラ","110","国産食材","2017100000","2017年度","比率",0.923,NA
"100","使用割合","630","オクラ","110","国産食材","2016100000","2016年度","比率",1,NA
"100","使用割合","640","オリーブ","100","地場産物","2017100000","2017年度","比率",0,NA
"100","使用割合","640","オリーブ","100","地場産物","2016100000","2016年度","比率",0,NA
"100","使用割合","640","オリーブ","110","国産食材","2017100000","2017年度","比率",1,NA
"100","使用割合","640","オリーブ","110","国産食材","2016100000","2016年度","比率",1,NA
"100","使用割合","650","かき","100","地場産物","2017100000","2017年度","比率",0.561,NA
"100","使用割合","650","かき","100","地場産物","2016100000","2016年度","比率",0.583,NA
"100","使用割合","650","かき","110","国産食材","2017100000","2017年度","比率",1,NA
"100","使用割合","650","かき","110","国産食材","2016100000","2016年度","比率",1,NA
"100","使用割合","660","かき（貝類）","100","地場産物","2017100000","2017年度","比率",0,NA
"100","使用割合","660","かき（貝類）","100","地場産物","2016100000","2016年度","比率",0,NA
"100","使用割合","660","かき（貝類）","110","国産食材","2017100000","2017年度","比率",1,NA
"100","使用割合","660","かき（貝類）","110","国産食材","2016100000","2016年度","比率",1,NA
"100","使用割合","670","かさご","100","地場産物","2017100000","2017年度","比率",0,NA
"100","使用割合","670","かさご","110","国産食材","2017100000","2017年度","比率",0.667,NA
"100","使用割合","680","かじき類","100","地場産物","2017100000","2017年度","比率",0.5,NA
"100","使用割合","680","かじき類","100","地場産物","2016100000","2016年度","比率",0.5,NA
"100","使用割合","680","かじき類","110","国産食材","2017100000","2017年度","比率",0.5,NA
"100","使用割合","680","かじき類","110","国産食材","2016100000","2016年度","比率",0.667,NA
"100","使用割合","690","カシューナッツ","100","地場産物","2016100000","2016年度","比率",0,NA
"100","使用割合","690","カシューナッツ","110","国産食材","2016100000","2016年度","比率",0,NA
"100","使用割合","700","かつお類","100","地場産物","2017100000","2017年度","比率",0.082,NA
"100","使用割合","700","かつお類","100","地場産物","2016100000","2016年度","比率",0.066,NA
"100","使用割合","700","かつお類","110","国産食材","2017100000","2017年度","比率",0.959,NA
"100","使用割合","700","かつお類","110","国産食材","2016100000","2016年度","比率",0.959,NA
"100","使用割合","710","かに風味かまぼこ","100","地場産物","2017100000","2017年度","比率",0.238,NA
"100","使用割合","710","かに風味かまぼこ","100","地場産物","2016100000","2016年度","比率",0.042,NA
"100","使用割合","710","かに風味かまぼこ","110","国産食材","2017100000","2017年度","比率",0.667,NA
"100","使用割合","710","かに風味かまぼこ","110","国産食材","2016100000","2016年度","比率",0.417,NA
"100","使用割合","720","かに類","100","地場産物","2017100000","2017年度","比率",0.333,NA
"100","使用割合","720","かに類","100","地場産物","2016100000","2016年度","比率",0,NA
"100","使用割合","720","かに類","110","国産食材","2017100000","2017年度","比率",0.833,NA
"100","使用割合","720","かに類","110","国産食材","2016100000","2016年度","比率",0.6,NA
"100","使用割合","730","かぶ","100","地場産物","2017100000","2017年度","比率",0.582,NA
"100","使用割合","730","かぶ","100","地場産物","2016100000","2016年度","比率",0.611,NA
"100","使用割合","730","かぶ","110","国産食材","2017100000","2017年度","比率",1,NA
"100","使用割合","730","かぶ","110","国産食材","2016100000","2016年度","比率",0.947,NA
"100","使用割合","740","かぼちゃ","100","地場産物","2016100000","2016年度","比率",0,NA
"100","使用割合","740","かぼちゃ","110","国産食材","2016100000","2016年度","比率",0,NA
"100","使用割合","750","かぼちゃ類","100","地場産物","2017100000","2017年度","比率",0.306,NA
"100","使用割合","750","かぼちゃ類","100","地場産物","2016100000","2016年度","比率",0.276,NA
"100","使用割合","750","かぼちゃ類","110","国産食材","2017100000","2017年度","比率",0.865,NA
"100","使用割合","750","かぼちゃ類","110","国産食材","2016100000","2016年度","比率",0.845,NA
"100","使用割合","760","かます","100","地場産物","2017100000","2017年度","比率",0.8,NA
"100","使用割合","760","かます","100","地場産物","2016100000","2016年度","比率",0.778,NA
"100","使用割合","760","かます","110","国産食材","2017100000","2017年度","比率",1,NA
"100","使用割合","760","かます","110","国産食材","2016100000","2016年度","比率",0.778,NA
"100","使用割合","770","かも","100","地場産物","2017100000","2017年度","比率",0,NA
"100","使用割合","770","かも","110","国産食材","2017100000","2017年度","比率",1,NA
"100","使用割合","780","からしな","100","地場産物","2017100000","2017年度","比率",1,NA
"100","使用割合","780","からしな","100","地場産物","2016100000","2016年度","比率",1,NA
"100","使用割合","780","からしな","110","国産食材","2017100000","2017年度","比率",1,NA
"100","使用割合","780","からしな","110","国産食材","2016100000","2016年度","比率",1,NA
"100","使用割合","790","カリフラワー","100","地場産物","2017100000","2017年度","比率",0.114,NA
"100","使用割合","790","カリフラワー","100","地場産物","2016100000","2016年度","比率",0.135,NA
"100","使用割合","790","カリフラワー","110","国産食材","2017100000","2017年度","比率",0.571,NA
"100","使用割合","790","カリフラワー","110","国産食材","2016100000","2016年度","比率",0.462,NA
"100","使用割合","800","かれい類","100","地場産物","2017100000","2017年度","比率",0.5,NA
"100","使用割合","800","かれい類","100","地場産物","2016100000","2016年度","比率",0.48,NA
"100","使用割合","800","かれい類","110","国産食材","2017100000","2017年度","比率",0.5,NA
"100","使用割合","800","かれい類","110","国産食材","2016100000","2016年度","比率",0.52,NA
"100","使用割合","810","かわはぎ","100","地場産物","2017100000","2017年度","比率",1,NA
"100","使用割合","810","かわはぎ","110","国産食材","2017100000","2017年度","比率",1,NA
"100","使用割合","820","かんきつ類","100","地場産物","2017100000","2017年度","比率",0.244,NA
"100","使用割合","820","かんきつ類","100","地場産物","2016100000","2016年度","比率",0.246,NA
"100","使用割合","820","かんきつ類","110","国産食材","2017100000","2017年度","比率",0.747,NA
"100","使用割合","820","かんきつ類","110","国産食材","2016100000","2016年度","比率",0.732,NA
"100","使用割合","830","かんぱち","100","地場産物","2016100000","2016年度","比率",0,NA
"100","使用割合","830","かんぱち","110","国産食材","2016100000","2016年度","比率",1,NA
"100","使用割合","840","かんぴょう","100","地場産物","2017100000","2017年度","比率",0.429,NA
"100","使用割合","840","かんぴょう","100","地場産物","2016100000","2016年度","比率",0.463,NA
"100","使用割合","840","かんぴょう","110","国産食材","2017100000","2017年度","比率",1,NA
"100","使用割合","840","かんぴょう","110","国産食材","2016100000","2016年度","比率",0.976,NA
"100","使用割合","850","キウイフルーツ","100","地場産物","2017100000","2017年度","比率",0.133,NA
"100","使用割合","850","キウイフルーツ","100","地場産物","2016100000","2016年度","比率",0.184,NA
"100","使用割合","850","キウイフルーツ","110","国産食材","2017100000","2017年度","比率",0.2,NA
"100","使用割合","850","キウイフルーツ","110","国産食材","2016100000","2016年度","比率",0.263,NA
"100","使用割合","860","きく","100","地場産物","2017100000","2017年度","比率",0.667,NA
"100","使用割合","860","きく","100","地場産物","2016100000","2016年度","比率",0.5,NA
"100","使用割合","860","きく","110","国産食材","2017100000","2017年度","比率",1,NA
"100","使用割合","860","きく","110","国産食材","2016100000","2016年度","比率",1,NA
"100","使用割合","870","きくらげ類","100","地場産物","2017100000","2017年度","比率",0.133,NA
"100","使用割合","870","きくらげ類","100","地場産物","2016100000","2016年度","比率",0.2,NA
"100","使用割合","870","きくらげ類","110","国産食材","2017100000","2017年度","比率",0.601,NA
"100","使用割合","870","きくらげ類","110","国産食材","2016100000","2016年度","比率",0.577,NA
"100","使用割合","880","きす","100","地場産物","2016100000","2016年度","比率",0.333,NA
"100","使用割合","880","きす","110","国産食材","2016100000","2016年度","比率",0.333,NA
"100","使用割合","890","きび","100","地場産物","2017100000","2017年度","比率",0.083,NA
"100","使用割合","890","きび","100","地場産物","2016100000","2016年度","比率",0,NA
"100","使用割合","890","きび","110","国産食材","2017100000","2017年度","比率",0.833,NA
"100","使用割合","890","きび","110","国産食材","2016100000","2016年度","比率",0.533,NA
"100","使用割合","900","きびなご","100","地場産物","2017100000","2017年度","比率",0.524,NA
"100","使用割合","900","きびなご","100","地場産物","2016100000","2016年度","比率",0.31,NA
"100","使用割合","900","きびなご","110","国産食材","2017100000","2017年度","比率",1,NA
"100","使用割合","900","きびなご","110","国産食材","2016100000","2016年度","比率",1,NA
"100","使用割合","910","キャベツ類","100","地場産物","2017100000","2017年度","比率",0.515,NA
"100","使用割合","910","キャベツ類","100","地場産物","2016100000","2016年度","比率",0.516,NA
"100","使用割合","910","キャベツ類","110","国産食材","2017100000","2017年度","比率",0.998,NA
"100","使用割合","910","キャベツ類","110","国産食材","2016100000","2016年度","比率",0.997,NA
"100","使用割合","920","きゅうり","100","地場産物","2017100000","2017年度","比率",0.663,NA
"100","使用割合","920","きゅうり","100","地場産物","2016100000","2016年度","比率",0.646,NA
"100","使用割合","920","きゅうり","110","国産食材","2017100000","2017年度","比率",0.997,NA
"100","使用割合","920","きゅうり","110","国産食材","2016100000","2016年度","比率",0.997,NA
"100","使用割合","930","ぎんなん","100","地場産物","2017100000","2017年度","比率",0,NA
"100","使用割合","930","ぎんなん","100","地場産物","2016100000","2016年度","比率",0.5,NA
"100","使用割合","930","ぎんなん","110","国産食材","2017100000","2017年度","比率",1,NA
"100","使用割合","930","ぎんなん","110","国産食材","2016100000","2016年度","比率",1,NA
"100","使用割合","940","くじら","100","地場産物","2017100000","2017年度","比率",0.667,NA
"100","使用割合","940","くじら","100","地場産物","2016100000","2016年度","比率",0.25,NA
"100","使用割合","940","くじら","110","国産食材","2017100000","2017年度","比率",0.667,NA
"100","使用割合","940","くじら","110","国産食材","2016100000","2016年度","比率",0.25,NA
"100","使用割合","950","ぐち","100","地場産物","2017100000","2017年度","比率",1,NA
"100","使用割合","950","ぐち","100","地場産物","2016100000","2016年度","比率",0.333,NA
"100","使用割合","950","ぐち","110","国産食材","2017100000","2017年度","比率",1,NA
"100","使用割合","950","ぐち","110","国産食材","2016100000","2016年度","比率",0.5,NA
"100","使用割合","960","くらげ","100","地場産物","2017100000","2017年度","比率",0,NA
"100","使用割合","960","くらげ","100","地場産物","2016100000","2016年度","比率",0,NA
"100","使用割合","960","くらげ","110","国産食材","2017100000","2017年度","比率",0.2,NA
"100","使用割合","960","くらげ","110","国産食材","2016100000","2016年度","比率",0,NA
"100","使用割合","970","クリーム類","100","地場産物","2017100000","2017年度","比率",0.106,NA
"100","使用割合","970","クリーム類","100","地場産物","2016100000","2016年度","比率",0.094,NA
"100","使用割合","970","クリーム類","110","国産食材","2017100000","2017年度","比率",0.958,NA
"100","使用割合","970","クリーム類","110","国産食材","2016100000","2016年度","比率",0.929,NA
"100","使用割合","980","くり類","100","地場産物","2017100000","2017年度","比率",0,NA
"100","使用割合","980","くり類","100","地場産物","2016100000","2016年度","比率",0.1,NA
"100","使用割合","980","くり類","110","国産食材","2017100000","2017年度","比率",0.65,NA
"100","使用割合","980","くり類","110","国産食材","2016100000","2016年度","比率",0.6,NA
"100","使用割合","990","くるみ","100","地場産物","2016100000","2016年度","比率",0,NA
"100","使用割合","990","くるみ","110","国産食材","2016100000","2016年度","比率",0,NA
"100","使用割合","1000","ココナッツ","100","地場産物","2017100000","2017年度","比率",0,NA
"100","使用割合","1000","ココナッツ","100","地場産物","2016100000","2016年度","比率",0,NA
"100","使用割合","1000","ココナッツ","110","国産食材","2017100000","2017年度","比率",0.071,NA
"100","使用割合","1000","ココナッツ","110","国産食材","2016100000","2016年度","比率",0.409,NA
"100","使用割合","1010","こごみ","100","地場産物","2016100000","2016年度","比率",1,NA
"100","使用割合","1010","こごみ","110","国産食材","2016100000","2016年度","比率",1,NA
"100","使用割合","1020","このしろ","100","地場産物","2017100000","2017年度","比率",1,NA
"100","使用割合","1020","このしろ","100","地場産物","2016100000","2016年度","比率",1,NA
"100","使用割合","1020","このしろ","110","国産食材","2017100000","2017年度","比率",1,NA
"100","使用割合","1020","このしろ","110","国産食材","2016100000","2016年度","比率",1,NA
"100","使用割合","1030","ごぼう","100","地場産物","2017100000","2017年度","比率",0.218,NA
"100","使用割合","1030","ごぼう","100","地場産物","2016100000","2016年度","比率",0.224,NA
"100","使用割合","1030","ごぼう","110","国産食材","2017100000","2017年度","比率",0.985,NA
"100","使用割合","1030","ごぼう","110","国産食材","2016100000","2016年度","比率",0.974,NA
"100","使用割合","1040","ごま","100","地場産物","2017100000","2017年度","比率",0.005,NA
"100","使用割合","1040","ごま","100","地場産物","2016100000","2016年度","比率",0.005,NA
"100","使用割合","1040","ごま","110","国産食材","2017100000","2017年度","比率",0.101,NA
"100","使用割合","1040","ごま","110","国産食材","2016100000","2016年度","比率",0.077,NA
"100","使用割合","1050","こまつな","100","地場産物","2017100000","2017年度","比率",0.671,NA
"100","使用割合","1050","こまつな","100","地場産物","2016100000","2016年度","比率",0.664,NA
"100","使用割合","1050","こまつな","110","国産食材","2017100000","2017年度","比率",0.994,NA
"100","使用割合","1050","こまつな","110","国産食材","2016100000","2016年度","比率",0.995,NA
"100","使用割合","1060","こむぎ","100","地場産物","2017100000","2017年度","比率",0.137,NA
"100","使用割合","1060","こむぎ","100","地場産物","2016100000","2016年度","比率",0.117,NA
"100","使用割合","1060","こむぎ","110","国産食材","2017100000","2017年度","比率",0.377,NA
"100","使用割合","1060","こむぎ","110","国産食材","2016100000","2016年度","比率",0.363,NA
"100","使用割合","1070","こめ","100","地場産物","2017100000","2017年度","比率",0.776,NA
"100","使用割合","1070","こめ","100","地場産物","2016100000","2016年度","比率",0.781,NA
"100","使用割合","1070","こめ","110","国産食材","2017100000","2017年度","比率",0.984,NA
"100","使用割合","1070","こめ","110","国産食材","2016100000","2016年度","比率",0.982,NA
"100","使用割合","1080","こんにゃく","100","地場産物","2017100000","2017年度","比率",0.173,NA
"100","使用割合","1080","こんにゃく","100","地場産物","2016100000","2016年度","比率",0.17,NA
"100","使用割合","1080","こんにゃく","110","国産食材","2017100000","2017年度","比率",0.965,NA
"100","使用割合","1080","こんにゃく","110","国産食材","2016100000","2016年度","比率",0.948,NA
"100","使用割合","1090","こんぶ類","100","地場産物","2017100000","2017年度","比率",0.061,NA
"100","使用割合","1090","こんぶ類","100","地場産物","2016100000","2016年度","比率",0.08,NA
"100","使用割合","1090","こんぶ類","110","国産食材","2017100000","2017年度","比率",0.966,NA
"100","使用割合","1090","こんぶ類","110","国産食材","2016100000","2016年度","比率",0.976,NA
"100","使用割合","1100","ザーサイ","100","地場産物","2016100000","2016年度","比率",0,NA
"100","使用割合","1100","ザーサイ","110","国産食材","2016100000","2016年度","比率",0,NA
"100","使用割合","1110","さくらんぼ","100","地場産物","2017100000","2017年度","比率",0.321,NA
"100","使用割合","1110","さくらんぼ","100","地場産物","2016100000","2016年度","比率",0.083,NA
"100","使用割合","1110","さくらんぼ","110","国産食材","2017100000","2017年度","比率",0.964,NA
"100","使用割合","1110","さくらんぼ","110","国産食材","2016100000","2016年度","比率",0.833,NA
"100","使用割合","1120","さけ・ます類","100","地場産物","2017100000","2017年度","比率",0.161,NA
"100","使用割合","1120","さけ・ます類","100","地場産物","2016100000","2016年度","比率",0.185,NA
"100","使用割合","1120","さけ・ます類","110","国産食材","2017100000","2017年度","比率",0.781,NA
"100","使用割合","1120","さけ・ます類","110","国産食材","2016100000","2016年度","比率",0.783,NA
"100","使用割合","1130","ささげ","100","地場産物","2017100000","2017年度","比率",0,NA
"100","使用割合","1130","ささげ","100","地場産物","2016100000","2016年度","比率",0,NA
"100","使用割合","1130","ささげ","110","国産食材","2017100000","2017年度","比率",0.75,NA
"100","使用割合","1130","ささげ","110","国産食材","2016100000","2016年度","比率",0.333,NA
"100","使用割合","1140","さつまいも類","100","地場産物","2017100000","2017年度","比率",0.521,NA
"100","使用割合","1140","さつまいも類","100","地場産物","2016100000","2016年度","比率",0.491,NA
"100","使用割合","1140","さつまいも類","110","国産食材","2017100000","2017年度","比率",0.991,NA
"100","使用割合","1140","さつまいも類","110","国産食材","2016100000","2016年度","比率",0.983,NA
"100","使用割合","1150","さつま揚げ","100","地場産物","2017100000","2017年度","比率",0.132,NA
"100","使用割合","1150","さつま揚げ","100","地場産物","2016100000","2016年度","比率",0.158,NA
"100","使用割合","1150","さつま揚げ","110","国産食材","2017100000","2017年度","比率",0.593,NA
"100","使用割合","1150","さつま揚げ","110","国産食材","2016100000","2016年度","比率",0.647,NA
"100","使用割合","1160","さといも類","100","地場産物","2017100000","2017年度","比率",0.462,NA
"100","使用割合","1160","さといも類","100","地場産物","2016100000","2016年度","比率",0.54,NA
"100","使用割合","1160","さといも類","110","国産食材","2017100000","2017年度","比率",0.978,NA
"100","使用割合","1160","さといも類","110","国産食材","2016100000","2016年度","比率",0.954,NA
"100","使用割合","1170","さば類","100","地場産物","2017100000","2017年度","比率",0.212,NA
"100","使用割合","1170","さば類","100","地場産物","2016100000","2016年度","比率",0.175,NA
"100","使用割合","1170","さば類","110","国産食材","2017100000","2017年度","比率",0.518,NA
"100","使用割合","1170","さば類","110","国産食材","2016100000","2016年度","比率",0.758,NA
"100","使用割合","1180","さめ類","100","地場産物","2017100000","2017年度","比率",0,NA
"100","使用割合","1180","さめ類","100","地場産物","2016100000","2016年度","比率",0.4,NA
"100","使用割合","1180","さめ類","110","国産食材","2017100000","2017年度","比率",1,NA
"100","使用割合","1180","さめ類","110","国産食材","2016100000","2016年度","比率",0.9,NA
"100","使用割合","1190","さより","100","地場産物","2017100000","2017年度","比率",1,NA
"100","使用割合","1190","さより","100","地場産物","2016100000","2016年度","比率",1,NA
"100","使用割合","1190","さより","110","国産食材","2017100000","2017年度","比率",1,NA
"100","使用割合","1190","さより","110","国産食材","2016100000","2016年度","比率",1,NA
"100","使用割合","1200","さわら","100","地場産物","2017100000","2017年度","比率",0.226,NA
"100","使用割合","1200","さわら","100","地場産物","2016100000","2016年度","比率",0.245,NA
"100","使用割合","1200","さわら","110","国産食材","2017100000","2017年度","比率",0.434,NA
"100","使用割合","1200","さわら","110","国産食材","2016100000","2016年度","比率",0.491,NA
"100","使用割合","1210","さんとうさい","100","地場産物","2017100000","2017年度","比率",1,NA
"100","使用割合","1210","さんとうさい","110","国産食材","2017100000","2017年度","比率",1,NA
"100","使用割合","1220","さんま","100","地場産物","2017100000","2017年度","比率",0.135,NA
"100","使用割合","1220","さんま","100","地場産物","2016100000","2016年度","比率",0.107,NA
"100","使用割合","1220","さんま","110","国産食材","2017100000","2017年度","比率",0.921,NA
"100","使用割合","1220","さんま","110","国産食材","2016100000","2016年度","比率",0.881,NA
"100","使用割合","1230","しいたけ","100","地場産物","2017100000","2017年度","比率",0.322,NA
"100","使用割合","1230","しいたけ","100","地場産物","2016100000","2016年度","比率",0.376,NA
"100","使用割合","1230","しいたけ","110","国産食材","2017100000","2017年度","比率",0.967,NA
"100","使用割合","1230","しいたけ","110","国産食材","2016100000","2016年度","比率",0.953,NA
"100","使用割合","1240","しいら","100","地場産物","2017100000","2017年度","比率",0.778,NA
"100","使用割合","1240","しいら","100","地場産物","2016100000","2016年度","比率",0.833,NA
"100","使用割合","1240","しいら","110","国産食材","2017100000","2017年度","比率",1,NA
"100","使用割合","1240","しいら","110","国産食材","2016100000","2016年度","比率",1,NA
"100","使用割合","1250","しか","100","地場産物","2016100000","2016年度","比率",1,NA
"100","使用割合","1250","しか","110","国産食材","2016100000","2016年度","比率",1,NA
"100","使用割合","1260","しかくまめ","100","地場産物","2017100000","2017年度","比率",0.5,NA
"100","使用割合","1260","しかくまめ","110","国産食材","2017100000","2017年度","比率",1,NA
"100","使用割合","1270","ししとう","100","地場産物","2017100000","2017年度","比率",0,NA
"100","使用割合","1270","ししとう","100","地場産物","2016100000","2016年度","比率",1,NA
"100","使用割合","1270","ししとう","110","国産食材","2017100000","2017年度","比率",1,NA
"100","使用割合","1270","ししとう","110","国産食材","2016100000","2016年度","比率",1,NA
"100","使用割合","1280","ししゃも類","100","地場産物","2017100000","2017年度","比率",0,NA
"100","使用割合","1280","ししゃも類","100","地場産物","2016100000","2016年度","比率",0,NA
"100","使用割合","1280","ししゃも類","110","国産食材","2017100000","2017年度","比率",0.065,NA
"100","使用割合","1280","ししゃも類","110","国産食材","2016100000","2016年度","比率",0.053,NA
"100","使用割合","1290","しそ","100","地場産物","2017100000","2017年度","比率",0.118,NA
"100","使用割合","1290","しそ","100","地場産物","2016100000","2016年度","比率",0.068,NA
"100","使用割合","1290","しそ","110","国産食材","2017100000","2017年度","比率",0.899,NA
"100","使用割合","1290","しそ","110","国産食材","2016100000","2016年度","比率",0.879,NA
"100","使用割合","1300","したびらめ","100","地場産物","2017100000","2017年度","比率",1,NA
"100","使用割合","1300","したびらめ","100","地場産物","2016100000","2016年度","比率",0,NA
"100","使用割合","1300","したびらめ","110","国産食材","2017100000","2017年度","比率",1,NA
"100","使用割合","1300","したびらめ","110","国産食材","2016100000","2016年度","比率",1,NA
"100","使用割合","1310","しめじ類","100","地場産物","2017100000","2017年度","比率",0.308,NA
"100","使用割合","1310","しめじ類","100","地場産物","2016100000","2016年度","比率",0.316,NA
"100","使用割合","1310","しめじ類","110","国産食材","2017100000","2017年度","比率",0.997,NA
"100","使用割合","1310","しめじ類","110","国産食材","2016100000","2016年度","比率",0.997,NA
"100","使用割合","1320","じゃがいも","100","地場産物","2017100000","2017年度","比率",0.214,NA
"100","使用割合","1320","じゃがいも","100","地場産物","2016100000","2016年度","比率",0.227,NA
"100","使用割合","1320","じゃがいも","110","国産食材","2017100000","2017年度","比率",0.969,NA
"100","使用割合","1320","じゃがいも","110","国産食材","2016100000","2016年度","比率",0.981,NA
"100","使用割合","1330","しゃこ","100","地場産物","2017100000","2017年度","比率",1,NA
"100","使用割合","1330","しゃこ","110","国産食材","2017100000","2017年度","比率",1,NA
"100","使用割合","1340","じゅうろくささげ","100","地場産物","2017100000","2017年度","比率",0,NA
"100","使用割合","1340","じゅうろくささげ","100","地場産物","2016100000","2016年度","比率",1,NA
"100","使用割合","1340","じゅうろくささげ","110","国産食材","2017100000","2017年度","比率",1,NA
"100","使用割合","1340","じゅうろくささげ","110","国産食材","2016100000","2016年度","比率",1,NA
"100","使用割合","1350","しゅんぎく","100","地場産物","2017100000","2017年度","比率",0.619,NA
"100","使用割合","1350","しゅんぎく","100","地場産物","2016100000","2016年度","比率",0.4,NA
"100","使用割合","1350","しゅんぎく","110","国産食材","2017100000","2017年度","比率",1,NA
"100","使用割合","1350","しゅんぎく","110","国産食材","2016100000","2016年度","比率",1,NA
"100","使用割合","1360","しょうが類","100","地場産物","2017100000","2017年度","比率",0.081,NA
"100","使用割合","1360","しょうが類","100","地場産物","2016100000","2016年度","比率",0.09,NA
"100","使用割合","1360","しょうが類","110","国産食材","2017100000","2017年度","比率",0.968,NA
"100","使用割合","1360","しょうが類","110","国産食材","2016100000","2016年度","比率",0.953,NA
"100","使用割合","1370","シルバー","100","地場産物","2016100000","2016年度","比率",0,NA
"100","使用割合","1370","シルバー","110","国産食材","2016100000","2016年度","比率",0,NA
"100","使用割合","1380","しろうり","100","地場産物","2017100000","2017年度","比率",0.625,NA
"100","使用割合","1380","しろうり","100","地場産物","2016100000","2016年度","比率",0.429,NA
"100","使用割合","1380","しろうり","110","国産食材","2017100000","2017年度","比率",1,NA
"100","使用割合","1380","しろうり","110","国産食材","2016100000","2016年度","比率",1,NA
"100","使用割合","1390","すいか","100","地場産物","2017100000","2017年度","比率",0.48,NA
"100","使用割合","1390","すいか","100","地場産物","2016100000","2016年度","比率",0.313,NA
"100","使用割合","1390","すいか","110","国産食材","2017100000","2017年度","比率",0.96,NA
"100","使用割合","1390","すいか","110","国産食材","2016100000","2016年度","比率",1,NA
"100","使用割合","1400","ずいき","100","地場産物","2017100000","2017年度","比率",0.75,NA
"100","使用割合","1400","ずいき","100","地場産物","2016100000","2016年度","比率",0.25,NA
"100","使用割合","1400","ずいき","110","国産食材","2017100000","2017年度","比率",0.875,NA
"100","使用割合","1400","ずいき","110","国産食材","2016100000","2016年度","比率",0.75,NA
"100","使用割合","1410","すずき","100","地場産物","2017100000","2017年度","比率",0.4,NA
"100","使用割合","1410","すずき","100","地場産物","2016100000","2016年度","比率",0.929,NA
"100","使用割合","1410","すずき","110","国産食材","2017100000","2017年度","比率",0.4,NA
"100","使用割合","1410","すずき","110","国産食材","2016100000","2016年度","比率",0.929,NA
"100","使用割合","1420","ズッキーニ","100","地場産物","2017100000","2017年度","比率",0.55,NA
"100","使用割合","1420","ズッキーニ","100","地場産物","2016100000","2016年度","比率",0.706,NA
"100","使用割合","1420","ズッキーニ","110","国産食材","2017100000","2017年度","比率",1,NA
"100","使用割合","1420","ズッキーニ","110","国産食材","2016100000","2016年度","比率",1,NA
"100","使用割合","1430","すもも類","100","地場産物","2017100000","2017年度","比率",0,NA
"100","使用割合","1430","すもも類","100","地場産物","2016100000","2016年度","比率",0.033,NA
"100","使用割合","1430","すもも類","110","国産食材","2017100000","2017年度","比率",0.222,NA
"100","使用割合","1430","すもも類","110","国産食材","2016100000","2016年度","比率",0.4,NA
"100","使用割合","1440","す巻きかまぼこ","100","地場産物","2017100000","2017年度","比率",0,NA
"100","使用割合","1440","す巻きかまぼこ","100","地場産物","2016100000","2016年度","比率",0.667,NA
"100","使用割合","1440","す巻きかまぼこ","110","国産食材","2017100000","2017年度","比率",0.5,NA
"100","使用割合","1440","す巻きかまぼこ","110","国産食材","2016100000","2016年度","比率",0.667,NA
"100","使用割合","1450","せり","100","地場産物","2017100000","2017年度","比率",1,NA
"100","使用割合","1450","せり","110","国産食材","2017100000","2017年度","比率",1,NA
"100","使用割合","1460","セロリ","100","地場産物","2017100000","2017年度","比率",0.096,NA
"100","使用割合","1460","セロリ","100","地場産物","2016100000","2016年度","比率",0.122,NA
"100","使用割合","1460","セロリ","110","国産食材","2017100000","2017年度","比率",0.994,NA
"100","使用割合","1460","セロリ","110","国産食材","2016100000","2016年度","比率",0.974,NA
"100","使用割合","1470","ぜんまい","100","地場産物","2017100000","2017年度","比率",0.056,NA
"100","使用割合","1470","ぜんまい","100","地場産物","2016100000","2016年度","比率",0.263,NA
"100","使用割合","1470","ぜんまい","110","国産食材","2017100000","2017年度","比率",0.944,NA
"100","使用割合","1470","ぜんまい","110","国産食材","2016100000","2016年度","比率",0.947,NA
"100","使用割合","1480","その他","100","地場産物","2017100000","2017年度","比率",0,NA
"100","使用割合","1480","その他","110","国産食材","2017100000","2017年度","比率",0.191,NA
"100","使用割合","1490","その他（牛乳及び乳製品）","100","地場産物","2017100000","2017年度","比率",0.105,NA
"100","使用割合","1490","その他（牛乳及び乳製品）","100","地場産物","2016100000","2016年度","比率",0,NA
"100","使用割合","1490","その他（牛乳及び乳製品）","110","国産食材","2017100000","2017年度","比率",0.526,NA
"100","使用割合","1490","その他（牛乳及び乳製品）","110","国産食材","2016100000","2016年度","比率",0.378,NA
"100","使用割合","1500","そば","100","地場産物","2017100000","2017年度","比率",0.5,NA
"100","使用割合","1500","そば","100","地場産物","2016100000","2016年度","比率",0,NA
"100","使用割合","1500","そば","110","国産食材","2017100000","2017年度","比率",1,NA
"100","使用割合","1500","そば","110","国産食材","2016100000","2016年度","比率",1,NA
"100","使用割合","1510","そらまめ","100","地場産物","2017100000","2017年度","比率",0.2,NA
"100","使用割合","1510","そらまめ","100","地場産物","2016100000","2016年度","比率",0.143,NA
"100","使用割合","1510","そらまめ","110","国産食材","2017100000","2017年度","比率",0.8,NA
"100","使用割合","1510","そらまめ","110","国産食材","2016100000","2016年度","比率",0.286,NA
"100","使用割合","1520","タアサイ","100","地場産物","2016100000","2016年度","比率",0.75,NA
"100","使用割合","1520","タアサイ","110","国産食材","2016100000","2016年度","比率",1,NA
"100","使用割合","1530","だいこん類","100","地場産物","2017100000","2017年度","比率",0.456,NA
"100","使用割合","1530","だいこん類","100","地場産物","2016100000","2016年度","比率",0.519,NA
"100","使用割合","1530","だいこん類","110","国産食材","2017100000","2017年度","比率",0.995,NA
"100","使用割合","1530","だいこん類","110","国産食材","2016100000","2016年度","比率",0.997,NA
"100","使用割合","1540","たいさい類","100","地場産物","2017100000","2017年度","比率",1,NA
"100","使用割合","1540","たいさい類","100","地場産物","2016100000","2016年度","比率",1,NA
"100","使用割合","1540","たいさい類","110","国産食材","2017100000","2017年度","比率",1,NA
"100","使用割合","1540","たいさい類","110","国産食材","2016100000","2016年度","比率",1,NA
"100","使用割合","1550","だいず","100","地場産物","2017100000","2017年度","比率",0.317,NA
"100","使用割合","1550","だいず","100","地場産物","2016100000","2016年度","比率",0.287,NA
"100","使用割合","1550","だいず","110","国産食材","2017100000","2017年度","比率",0.701,NA
"100","使用割合","1550","だいず","110","国産食材","2016100000","2016年度","比率",0.641,NA
"100","使用割合","1560","たい類","100","地場産物","2017100000","2017年度","比率",0.524,NA
"100","使用割合","1560","たい類","100","地場産物","2016100000","2016年度","比率",0.385,NA
"100","使用割合","1560","たい類","110","国産食材","2017100000","2017年度","比率",0.619,NA
"100","使用割合","1560","たい類","110","国産食材","2016100000","2016年度","比率",0.385,NA
"100","使用割合","1570","たかさご","100","地場産物","2016100000","2016年度","比率",0,NA
"100","使用割合","1570","たかさご","110","国産食材","2016100000","2016年度","比率",0,NA
"100","使用割合","1580","たかな","100","地場産物","2017100000","2017年度","比率",0.583,NA
"100","使用割合","1580","たかな","100","地場産物","2016100000","2016年度","比率",0.133,NA
"100","使用割合","1580","たかな","110","国産食材","2017100000","2017年度","比率",1,NA
"100","使用割合","1580","たかな","110","国産食材","2016100000","2016年度","比率",1,NA
"100","使用割合","1590","たけのこ","100","地場産物","2017100000","2017年度","比率",0.262,NA
"100","使用割合","1590","たけのこ","100","地場産物","2016100000","2016年度","比率",0.282,NA
"100","使用割合","1590","たけのこ","110","国産食材","2017100000","2017年度","比率",0.878,NA
"100","使用割合","1590","たけのこ","110","国産食材","2016100000","2016年度","比率",0.814,NA
"100","使用割合","1600","たこ類","100","地場産物","2017100000","2017年度","比率",0.222,NA
"100","使用割合","1600","たこ類","100","地場産物","2016100000","2016年度","比率",0.226,NA
"100","使用割合","1600","たこ類","110","国産食材","2017100000","2017年度","比率",0.593,NA
"100","使用割合","1600","たこ類","110","国産食材","2016100000","2016年度","比率",0.355,NA
"100","使用割合","1610","たちうお","100","地場産物","2017100000","2017年度","比率",0.333,NA
"100","使用割合","1610","たちうお","100","地場産物","2016100000","2016年度","比率",0.227,NA
"100","使用割合","1610","たちうお","110","国産食材","2017100000","2017年度","比率",0.5,NA
"100","使用割合","1610","たちうお","110","国産食材","2016100000","2016年度","比率",0.364,NA
"100","使用割合","1620","たまねぎ類","100","地場産物","2017100000","2017年度","比率",0.329,NA
"100","使用割合","1620","たまねぎ類","100","地場産物","2016100000","2016年度","比率",0.282,NA
"100","使用割合","1620","たまねぎ類","110","国産食材","2017100000","2017年度","比率",0.992,NA
"100","使用割合","1620","たまねぎ類","110","国産食材","2016100000","2016年度","比率",0.988,NA
"100","使用割合","1630","たもぎたけ","100","地場産物","2017100000","2017年度","比率",0.25,NA
"100","使用割合","1630","たもぎたけ","100","地場産物","2016100000","2016年度","比率",0.7,NA
"100","使用割合","1630","たもぎたけ","110","国産食材","2017100000","2017年度","比率",1,NA
"100","使用割合","1630","たもぎたけ","110","国産食材","2016100000","2016年度","比率",1,NA
"100","使用割合","1640","たら類","100","地場産物","2017100000","2017年度","比率",0.006,NA
"100","使用割合","1640","たら類","100","地場産物","2016100000","2016年度","比率",0.023,NA
"100","使用割合","1640","たら類","110","国産食材","2017100000","2017年度","比率",0.373,NA
"100","使用割合","1640","たら類","110","国産食材","2016100000","2016年度","比率",0.453,NA
"100","使用割合","1650","チーズ類","100","地場産物","2017100000","2017年度","比率",0.019,NA
"100","使用割合","1650","チーズ類","100","地場産物","2016100000","2016年度","比率",0.017,NA
"100","使用割合","1650","チーズ類","110","国産食材","2017100000","2017年度","比率",0.359,NA
"100","使用割合","1650","チーズ類","110","国産食材","2016100000","2016年度","比率",0.379,NA
"100","使用割合","1660","チンゲンサイ","100","地場産物","2017100000","2017年度","比率",0.503,NA
"100","使用割合","1660","チンゲンサイ","100","地場産物","2016100000","2016年度","比率",0.484,NA
"100","使用割合","1660","チンゲンサイ","110","国産食材","2017100000","2017年度","比率",0.987,NA
"100","使用割合","1660","チンゲンサイ","110","国産食材","2016100000","2016年度","比率",0.968,NA
"100","使用割合","1670","つみれ","100","地場産物","2017100000","2017年度","比率",0.5,NA
"100","使用割合","1670","つみれ","100","地場産物","2016100000","2016年度","比率",0.333,NA
"100","使用割合","1670","つみれ","110","国産食材","2017100000","2017年度","比率",0.8,NA
"100","使用割合","1670","つみれ","110","国産食材","2016100000","2016年度","比率",0.778,NA
"100","使用割合","1680","つるあずき","100","地場産物","2016100000","2016年度","比率",0,NA
"100","使用割合","1680","つるあずき","110","国産食材","2016100000","2016年度","比率",1,NA
"100","使用割合","1690","つるむらさき","100","地場産物","2016100000","2016年度","比率",1,NA
"100","使用割合","1690","つるむらさき","110","国産食材","2016100000","2016年度","比率",1,NA
"100","使用割合","1700","てんぐさ","100","地場産物","2017100000","2017年度","比率",0.026,NA
"100","使用割合","1700","てんぐさ","100","地場産物","2016100000","2016年度","比率",0.044,NA
"100","使用割合","1700","てんぐさ","110","国産食材","2017100000","2017年度","比率",0.563,NA
"100","使用割合","1700","てんぐさ","110","国産食材","2016100000","2016年度","比率",0.582,NA
"100","使用割合","1710","でん粉製品","100","地場産物","2017100000","2017年度","比率",0.004,NA
"100","使用割合","1710","でん粉製品","100","地場産物","2016100000","2016年度","比率",0.005,NA
"100","使用割合","1710","でん粉製品","110","国産食材","2017100000","2017年度","比率",0.443,NA
"100","使用割合","1710","でん粉製品","110","国産食材","2016100000","2016年度","比率",0.392,NA
"100","使用割合","1720","でん粉糖類","100","地場産物","2017100000","2017年度","比率",0.009,NA
"100","使用割合","1720","でん粉糖類","100","地場産物","2016100000","2016年度","比率",0.034,NA
"100","使用割合","1720","でん粉糖類","110","国産食材","2017100000","2017年度","比率",0.608,NA
"100","使用割合","1720","でん粉糖類","110","国産食材","2016100000","2016年度","比率",0.583,NA
"100","使用割合","1730","でん粉類","100","地場産物","2017100000","2017年度","比率",0.026,NA
"100","使用割合","1730","でん粉類","100","地場産物","2016100000","2016年度","比率",0.022,NA
"100","使用割合","1730","でん粉類","110","国産食材","2017100000","2017年度","比率",0.824,NA
"100","使用割合","1730","でん粉類","110","国産食材","2016100000","2016年度","比率",0.808,NA
"100","使用割合","1740","とうがらし","100","地場産物","2017100000","2017年度","比率",0.042,NA
"100","使用割合","1740","とうがらし","100","地場産物","2016100000","2016年度","比率",0.07,NA
"100","使用割合","1740","とうがらし","110","国産食材","2017100000","2017年度","比率",0.292,NA
"100","使用割合","1740","とうがらし","110","国産食材","2016100000","2016年度","比率",0.349,NA
"100","使用割合","1750","とうがん","100","地場産物","2017100000","2017年度","比率",0.6,NA
"100","使用割合","1750","とうがん","100","地場産物","2016100000","2016年度","比率",0.75,NA
"100","使用割合","1750","とうがん","110","国産食材","2017100000","2017年度","比率",1,NA
"100","使用割合","1750","とうがん","110","国産食材","2016100000","2016年度","比率",1,NA
"100","使用割合","1760","とうもろこし","100","地場産物","2017100000","2017年度","比率",0,NA
"100","使用割合","1760","とうもろこし","100","地場産物","2016100000","2016年度","比率",0,NA
"100","使用割合","1760","とうもろこし","110","国産食材","2017100000","2017年度","比率",0.19,NA
"100","使用割合","1760","とうもろこし","110","国産食材","2016100000","2016年度","比率",0.2,NA
"100","使用割合","1770","とうもろこし類","100","地場産物","2017100000","2017年度","比率",0.03,NA
"100","使用割合","1770","とうもろこし類","100","地場産物","2016100000","2016年度","比率",0.034,NA
"100","使用割合","1770","とうもろこし類","110","国産食材","2017100000","2017年度","比率",0.444,NA
"100","使用割合","1770","とうもろこし類","110","国産食材","2016100000","2016年度","比率",0.532,NA
"100","使用割合","1780","とさかのり","100","地場産物","2017100000","2017年度","比率",0,NA
"100","使用割合","1780","とさかのり","100","地場産物","2016100000","2016年度","比率",0,NA
"100","使用割合","1780","とさかのり","110","国産食材","2017100000","2017年度","比率",0.69,NA
"100","使用割合","1780","とさかのり","110","国産食材","2016100000","2016年度","比率",0.522,NA
"100","使用割合","1790","どじょう","100","地場産物","2017100000","2017年度","比率",1,NA
"100","使用割合","1790","どじょう","110","国産食材","2017100000","2017年度","比率",1,NA
"100","使用割合","1800","とびうお","100","地場産物","2017100000","2017年度","比率",0.636,NA
"100","使用割合","1800","とびうお","100","地場産物","2016100000","2016年度","比率",0.944,NA
"100","使用割合","1800","とびうお","110","国産食材","2017100000","2017年度","比率",0.909,NA
"100","使用割合","1800","とびうお","110","国産食材","2016100000","2016年度","比率",1,NA
"100","使用割合","1810","トマト類","100","地場産物","2017100000","2017年度","比率",0.255,NA
"100","使用割合","1810","トマト類","100","地場産物","2016100000","2016年度","比率",0.239,NA
"100","使用割合","1810","トマト類","110","国産食材","2017100000","2017年度","比率",0.522,NA
"100","使用割合","1810","トマト類","110","国産食材","2016100000","2016年度","比率",0.487,NA
"100","使用割合","1820","とんぶり","100","地場産物","2017100000","2017年度","比率",1,NA
"100","使用割合","1820","とんぶり","110","国産食材","2017100000","2017年度","比率",1,NA
"100","使用割合","1830","ながさきはくさい","100","地場産物","2017100000","2017年度","比率",0,NA
"100","使用割合","1830","ながさきはくさい","100","地場産物","2016100000","2016年度","比率",0.5,NA
"100","使用割合","1830","ながさきはくさい","110","国産食材","2017100000","2017年度","比率",1,NA
"100","使用割合","1830","ながさきはくさい","110","国産食材","2016100000","2016年度","比率",1,NA
"100","使用割合","1840","なし類","100","地場産物","2017100000","2017年度","比率",0.455,NA
"100","使用割合","1840","なし類","100","地場産物","2016100000","2016年度","比率",0.333,NA
"100","使用割合","1840","なし類","110","国産食材","2017100000","2017年度","比率",0.909,NA
"100","使用割合","1840","なし類","110","国産食材","2016100000","2016年度","比率",0.939,NA
"100","使用割合","1850","なす類","100","地場産物","2017100000","2017年度","比率",0.548,NA
"100","使用割合","1850","なす類","100","地場産物","2016100000","2016年度","比率",0.431,NA
"100","使用割合","1850","なす類","110","国産食材","2017100000","2017年度","比率",0.981,NA
"100","使用割合","1850","なす類","110","国産食材","2016100000","2016年度","比率",0.927,NA
"100","使用割合","1860","なつめやし","100","地場産物","2016100000","2016年度","比率",0,NA
"100","使用割合","1860","なつめやし","110","国産食材","2016100000","2016年度","比率",0.25,NA
"100","使用割合","1870","なばな類","100","地場産物","2017100000","2017年度","比率",0,NA
"100","使用割合","1870","なばな類","100","地場産物","2016100000","2016年度","比率",0.6,NA
"100","使用割合","1870","なばな類","110","国産食材","2017100000","2017年度","比率",1,NA
"100","使用割合","1870","なばな類","110","国産食材","2016100000","2016年度","比率",0.8,NA
"100","使用割合","1880","なめこ","100","地場産物","2017100000","2017年度","比率",0.581,NA
"100","使用割合","1880","なめこ","100","地場産物","2016100000","2016年度","比率",0.528,NA
"100","使用割合","1880","なめこ","110","国産食材","2017100000","2017年度","比率",1,NA
"100","使用割合","1880","なめこ","110","国産食材","2016100000","2016年度","比率",0.986,NA
"100","使用割合","1890","なると","100","地場産物","2017100000","2017年度","比率",0.047,NA
"100","使用割合","1890","なると","100","地場産物","2016100000","2016年度","比率",0.032,NA
"100","使用割合","1890","なると","110","国産食材","2017100000","2017年度","比率",0.593,NA
"100","使用割合","1890","なると","110","国産食材","2016100000","2016年度","比率",0.574,NA
"100","使用割合","1900","にがうり","100","地場産物","2017100000","2017年度","比率",0.556,NA
"100","使用割合","1900","にがうり","100","地場産物","2016100000","2016年度","比率",0.583,NA
"100","使用割合","1900","にがうり","110","国産食材","2017100000","2017年度","比率",1,NA
"100","使用割合","1900","にがうり","110","国産食材","2016100000","2016年度","比率",1,NA
"100","使用割合","1910","にぎす","100","地場産物","2017100000","2017年度","比率",0.857,NA
"100","使用割合","1910","にぎす","100","地場産物","2016100000","2016年度","比率",0.8,NA
"100","使用割合","1910","にぎす","110","国産食材","2017100000","2017年度","比率",1,NA
"100","使用割合","1910","にぎす","110","国産食材","2016100000","2016年度","比率",1,NA
"100","使用割合","1920","にしん","100","地場産物","2017100000","2017年度","比率",0.333,NA
"100","使用割合","1920","にしん","100","地場産物","2016100000","2016年度","比率",0.429,NA
"100","使用割合","1920","にしん","110","国産食材","2017100000","2017年度","比率",0.556,NA
"100","使用割合","1920","にしん","110","国産食材","2016100000","2016年度","比率",0.714,NA
"100","使用割合","1930","にら類","100","地場産物","2017100000","2017年度","比率",0.255,NA
"100","使用割合","1930","にら類","100","地場産物","2016100000","2016年度","比率",0.331,NA
"100","使用割合","1930","にら類","110","国産食材","2017100000","2017年度","比率",0.989,NA
"100","使用割合","1930","にら類","110","国産食材","2016100000","2016年度","比率",0.985,NA
"100","使用割合","1940","にわとり","100","地場産物","2017100000","2017年度","比率",0.251,NA
"100","使用割合","1940","にわとり","100","地場産物","2016100000","2016年度","比率",0.288,NA
"100","使用割合","1940","にわとり","110","国産食材","2017100000","2017年度","比率",0.984,NA
"100","使用割合","1940","にわとり","110","国産食材","2016100000","2016年度","比率",0.981,NA
"100","使用割合","1950","にんじん類","100","地場産物","2017100000","2017年度","比率",0.268,NA
"100","使用割合","1950","にんじん類","100","地場産物","2016100000","2016年度","比率",0.283,NA
"100","使用割合","1950","にんじん類","110","国産食材","2017100000","2017年度","比率",0.995,NA
"100","使用割合","1950","にんじん類","110","国産食材","2016100000","2016年度","比率",0.989,NA
"100","使用割合","1960","にんにく類","100","地場産物","2017100000","2017年度","比率",0.131,NA
"100","使用割合","1960","にんにく類","100","地場産物","2016100000","2016年度","比率",0.115,NA
"100","使用割合","1960","にんにく類","110","国産食材","2017100000","2017年度","比率",0.919,NA
"100","使用割合","1960","にんにく類","110","国産食材","2016100000","2016年度","比率",0.889,NA
"100","使用割合","1970","ねぎ類","100","地場産物","2017100000","2017年度","比率",0.571,NA
"100","使用割合","1970","ねぎ類","100","地場産物","2016100000","2016年度","比率",0.577,NA
"100","使用割合","1970","ねぎ類","110","国産食材","2017100000","2017年度","比率",0.997,NA
"100","使用割合","1970","ねぎ類","110","国産食材","2016100000","2016年度","比率",0.992,NA
"100","使用割合","1980","のざわな","100","地場産物","2017100000","2017年度","比率",0.571,NA
"100","使用割合","1980","のざわな","100","地場産物","2016100000","2016年度","比率",0.25,NA
"100","使用割合","1980","のざわな","110","国産食材","2017100000","2017年度","比率",1,NA
"100","使用割合","1980","のざわな","110","国産食材","2016100000","2016年度","比率",0.75,NA
"100","使用割合","1990","パインアップル","100","地場産物","2017100000","2017年度","比率",0.007,NA
"100","使用割合","1990","パインアップル","100","地場産物","2016100000","2016年度","比率",0.007,NA
"100","使用割合","1990","パインアップル","110","国産食材","2017100000","2017年度","比率",0.206,NA
"100","使用割合","1990","パインアップル","110","国産食材","2016100000","2016年度","比率",0.118,NA
"100","使用割合","2000","はくさい","100","地場産物","2017100000","2017年度","比率",0.409,NA
"100","使用割合","2000","はくさい","100","地場産物","2016100000","2016年度","比率",0.445,NA
"100","使用割合","2000","はくさい","110","国産食材","2017100000","2017年度","比率",0.994,NA
"100","使用割合","2000","はくさい","110","国産食材","2016100000","2016年度","比率",0.994,NA
"100","使用割合","2010","パクチョイ","100","地場産物","2017100000","2017年度","比率",1,NA
"100","使用割合","2010","パクチョイ","110","国産食材","2017100000","2017年度","比率",1,NA
"100","使用割合","2020","バジル","100","地場産物","2017100000","2017年度","比率",0,NA
"100","使用割合","2020","バジル","100","地場産物","2016100000","2016年度","比率",0,NA
"100","使用割合","2020","バジル","110","国産食材","2017100000","2017年度","比率",0.286,NA
"100","使用割合","2020","バジル","110","国産食材","2016100000","2016年度","比率",0.2,NA
"100","使用割合","2030","はす","100","地場産物","2017100000","2017年度","比率",0,NA
"100","使用割合","2030","はす","110","国産食材","2017100000","2017年度","比率",1,NA
"100","使用割合","2040","パセリ","100","地場産物","2017100000","2017年度","比率",0.242,NA
"100","使用割合","2040","パセリ","100","地場産物","2016100000","2016年度","比率",0.262,NA
"100","使用割合","2040","パセリ","110","国産食材","2017100000","2017年度","比率",0.972,NA
"100","使用割合","2040","パセリ","110","国産食材","2016100000","2016年度","比率",0.965,NA
"100","使用割合","2050","バター類","100","地場産物","2017100000","2017年度","比率",0.059,NA
"100","使用割合","2050","バター類","100","地場産物","2016100000","2016年度","比率",0.038,NA
"100","使用割合","2050","バター類","110","国産食材","2017100000","2017年度","比率",0.869,NA
"100","使用割合","2050","バター類","110","国産食材","2016100000","2016年度","比率",0.881,NA
"100","使用割合","2060","はたはた","100","地場産物","2017100000","2017年度","比率",0.6,NA
"100","使用割合","2060","はたはた","100","地場産物","2016100000","2016年度","比率",0.846,NA
"100","使用割合","2060","はたはた","110","国産食材","2017100000","2017年度","比率",1,NA
"100","使用割合","2060","はたはた","110","国産食材","2016100000","2016年度","比率",0.923,NA
"100","使用割合","2070","はつかだいこん","100","地場産物","2016100000","2016年度","比率",1,NA
"100","使用割合","2070","はつかだいこん","110","国産食材","2016100000","2016年度","比率",1,NA
"100","使用割合","2080","はとむぎ","100","地場産物","2017100000","2017年度","比率",0,NA
"100","使用割合","2080","はとむぎ","100","地場産物","2016100000","2016年度","比率",1,NA
"100","使用割合","2080","はとむぎ","110","国産食材","2017100000","2017年度","比率",0.6,NA
"100","使用割合","2080","はとむぎ","110","国産食材","2016100000","2016年度","比率",1,NA
"100","使用割合","2090","バナナ","100","地場産物","2017100000","2017年度","比率",0,NA
"100","使用割合","2090","バナナ","100","地場産物","2016100000","2016年度","比率",0,NA
"100","使用割合","2090","バナナ","110","国産食材","2017100000","2017年度","比率",0.022,NA
"100","使用割合","2090","バナナ","110","国産食材","2016100000","2016年度","比率",0,NA
"100","使用割合","2100","パパイア","100","地場産物","2017100000","2017年度","比率",0.5,NA
"100","使用割合","2100","パパイア","100","地場産物","2016100000","2016年度","比率",0.294,NA
"100","使用割合","2100","パパイア","110","国産食材","2017100000","2017年度","比率",0.5,NA
"100","使用割合","2100","パパイア","110","国産食材","2016100000","2016年度","比率",0.294,NA
"100","使用割合","2110","はも","100","地場産物","2017100000","2017年度","比率",0.333,NA
"100","使用割合","2110","はも","100","地場産物","2016100000","2016年度","比率",1,NA
"100","使用割合","2110","はも","110","国産食材","2017100000","2017年度","比率",0.333,NA
"100","使用割合","2110","はも","110","国産食材","2016100000","2016年度","比率",1,NA
"100","使用割合","2120","はやとうり","100","地場産物","2017100000","2017年度","比率",1,NA
"100","使用割合","2120","はやとうり","110","国産食材","2017100000","2017年度","比率",1,NA
"100","使用割合","2130","はんぺん","100","地場産物","2017100000","2017年度","比率",0.063,NA
"100","使用割合","2130","はんぺん","100","地場産物","2016100000","2016年度","比率",0.056,NA
"100","使用割合","2130","はんぺん","110","国産食材","2017100000","2017年度","比率",0.531,NA
"100","使用割合","2130","はんぺん","110","国産食材","2016100000","2016年度","比率",0.333,NA
"100","使用割合","2140","ビーツ","100","地場産物","2017100000","2017年度","比率",1,NA
"100","使用割合","2140","ビーツ","100","地場産物","2016100000","2016年度","比率",0,NA
"100","使用割合","2140","ビーツ","110","国産食材","2017100000","2017年度","比率",1,NA
"100","使用割合","2140","ビーツ","110","国産食材","2016100000","2016年度","比率",1,NA
"100","使用割合","2150","ピーマン類","100","地場産物","2017100000","2017年度","比率",0.174,NA
"100","使用割合","2150","ピーマン類","100","地場産物","2016100000","2016年度","比率",0.194,NA
"100","使用割合","2150","ピーマン類","110","国産食材","2017100000","2017年度","比率",0.821,NA
"100","使用割合","2150","ピーマン類","110","国産食材","2016100000","2016年度","比率",0.776,NA
"100","使用割合","2160","ひえ","100","地場産物","2017100000","2017年度","比率",0,NA
"100","使用割合","2160","ひえ","100","地場産物","2016100000","2016年度","比率",0.667,NA
"100","使用割合","2160","ひえ","110","国産食材","2017100000","2017年度","比率",0.5,NA
"100","使用割合","2160","ひえ","110","国産食材","2016100000","2016年度","比率",1,NA
"100","使用割合","2170","ひじき","100","地場産物","2017100000","2017年度","比率",0.158,NA
"100","使用割合","2170","ひじき","100","地場産物","2016100000","2016年度","比率",0.155,NA
"100","使用割合","2170","ひじき","110","国産食材","2017100000","2017年度","比率",0.724,NA
"100","使用割合","2170","ひじき","110","国産食材","2016100000","2016年度","比率",0.768,NA
"100","使用割合","2180","ひとえぐさ","100","地場産物","2017100000","2017年度","比率",0.385,NA
"100","使用割合","2180","ひとえぐさ","100","地場産物","2016100000","2016年度","比率",0.529,NA
"100","使用割合","2180","ひとえぐさ","110","国産食材","2017100000","2017年度","比率",0.769,NA
"100","使用割合","2180","ひとえぐさ","110","国産食材","2016100000","2016年度","比率",0.941,NA
"100","使用割合","2190","ひのな","100","地場産物","2017100000","2017年度","比率",0,NA
"100","使用割合","2190","ひのな","100","地場産物","2016100000","2016年度","比率",1,NA
"100","使用割合","2190","ひのな","110","国産食材","2017100000","2017年度","比率",1,NA
"100","使用割合","2190","ひのな","110","国産食材","2016100000","2016年度","比率",1,NA
"100","使用割合","2200","ひまわり","100","地場産物","2016100000","2016年度","比率",0,NA
"100","使用割合","2200","ひまわり","110","国産食材","2016100000","2016年度","比率",0,NA
"100","使用割合","2210","ひよこまめ","100","地場産物","2017100000","2017年度","比率",0,NA
"100","使用割合","2210","ひよこまめ","100","地場産物","2016100000","2016年度","比率",0,NA
"100","使用割合","2210","ひよこまめ","110","国産食材","2017100000","2017年度","比率",0.017,NA
"100","使用割合","2210","ひよこまめ","110","国産食材","2016100000","2016年度","比率",0.04,NA
"100","使用割合","2220","ひらたけ類","100","地場産物","2017100000","2017年度","比率",0.237,NA
"100","使用割合","2220","ひらたけ類","100","地場産物","2016100000","2016年度","比率",0.246,NA
"100","使用割合","2220","ひらたけ類","110","国産食材","2017100000","2017年度","比率",0.992,NA
"100","使用割合","2220","ひらたけ類","110","国産食材","2016100000","2016年度","比率",0.994,NA
"100","使用割合","2230","ひろしまな","100","地場産物","2017100000","2017年度","比率",0.375,NA
"100","使用割合","2230","ひろしまな","100","地場産物","2016100000","2016年度","比率",0.5,NA
"100","使用割合","2230","ひろしまな","110","国産食材","2017100000","2017年度","比率",1,NA
"100","使用割合","2230","ひろしまな","110","国産食材","2016100000","2016年度","比率",1,NA
"100","使用割合","2240","びわ","100","地場産物","2017100000","2017年度","比率",0.333,NA
"100","使用割合","2240","びわ","100","地場産物","2016100000","2016年度","比率",0.357,NA
"100","使用割合","2240","びわ","110","国産食材","2017100000","2017年度","比率",1,NA
"100","使用割合","2240","びわ","110","国産食材","2016100000","2016年度","比率",0.929,NA
"100","使用割合","2250","ふき類","100","地場産物","2017100000","2017年度","比率",0.647,NA
"100","使用割合","2250","ふき類","100","地場産物","2016100000","2016年度","比率",0.8,NA
"100","使用割合","2250","ふき類","110","国産食材","2017100000","2017年度","比率",0.941,NA
"100","使用割合","2250","ふき類","110","国産食材","2016100000","2016年度","比率",1,NA
"100","使用割合","2260","ぶた","100","地場産物","2017100000","2017年度","比率",0.348,NA
"100","使用割合","2260","ぶた","100","地場産物","2016100000","2016年度","比率",0.364,NA
"100","使用割合","2260","ぶた","110","国産食材","2017100000","2017年度","比率",0.88,NA
"100","使用割合","2260","ぶた","110","国産食材","2016100000","2016年度","比率",0.86,NA
"100","使用割合","2270","ふだんそう","100","地場産物","2016100000","2016年度","比率",0,NA
"100","使用割合","2270","ふだんそう","110","国産食材","2016100000","2016年度","比率",1,NA
"100","使用割合","2280","ぶどう","100","地場産物","2017100000","2017年度","比率",0.076,NA
"100","使用割合","2280","ぶどう","100","地場産物","2016100000","2016年度","比率",0.087,NA
"100","使用割合","2280","ぶどう","110","国産食材","2017100000","2017年度","比率",0.38,NA
"100","使用割合","2280","ぶどう","110","国産食材","2016100000","2016年度","比率",0.261,NA
"100","使用割合","2290","ふのり","100","地場産物","2017100000","2017年度","比率",0.2,NA
"100","使用割合","2290","ふのり","100","地場産物","2016100000","2016年度","比率",0.182,NA
"100","使用割合","2290","ふのり","110","国産食材","2017100000","2017年度","比率",0.8,NA
"100","使用割合","2290","ふのり","110","国産食材","2016100000","2016年度","比率",0.636,NA
"100","使用割合","2300","ぶり","100","地場産物","2017100000","2017年度","比率",0.571,NA
"100","使用割合","2300","ぶり","100","地場産物","2016100000","2016年度","比率",0.538,NA
"100","使用割合","2300","ぶり","110","国産食材","2017100000","2017年度","比率",1,NA
"100","使用割合","2300","ぶり","110","国産食材","2016100000","2016年度","比率",0.885,NA
"100","使用割合","2310","ブルーベリー","100","地場産物","2017100000","2017年度","比率",0.355,NA
"100","使用割合","2310","ブルーベリー","100","地場産物","2016100000","2016年度","比率",0.345,NA
"100","使用割合","2310","ブルーベリー","110","国産食材","2017100000","2017年度","比率",0.645,NA
"100","使用割合","2310","ブルーベリー","110","国産食材","2016100000","2016年度","比率",0.448,NA
"100","使用割合","2320","ブロッコリー","100","地場産物","2017100000","2017年度","比率",0.286,NA
"100","使用割合","2320","ブロッコリー","100","地場産物","2016100000","2016年度","比率",0.332,NA
"100","使用割合","2320","ブロッコリー","110","国産食材","2017100000","2017年度","比率",0.633,NA
"100","使用割合","2320","ブロッコリー","110","国産食材","2016100000","2016年度","比率",0.585,NA
"100","使用割合","2330","へちま","100","地場産物","2017100000","2017年度","比率",1,NA
"100","使用割合","2330","へちま","100","地場産物","2016100000","2016年度","比率",1,NA
"100","使用割合","2330","へちま","110","国産食材","2017100000","2017年度","比率",1,NA
"100","使用割合","2330","へちま","110","国産食材","2016100000","2016年度","比率",1,NA
"100","使用割合","2340","べにばないんげん","100","地場産物","2017100000","2017年度","比率",0.4,NA
"100","使用割合","2340","べにばないんげん","100","地場産物","2016100000","2016年度","比率",0.125,NA
"100","使用割合","2340","べにばないんげん","110","国産食材","2017100000","2017年度","比率",1,NA
"100","使用割合","2340","べにばないんげん","110","国産食材","2016100000","2016年度","比率",0.875,NA
"100","使用割合","2350","ほうれんそう","100","地場産物","2017100000","2017年度","比率",0.52,NA
"100","使用割合","2350","ほうれんそう","100","地場産物","2016100000","2016年度","比率",0.523,NA
"100","使用割合","2350","ほうれんそう","110","国産食材","2017100000","2017年度","比率",0.993,NA
"100","使用割合","2350","ほうれんそう","110","国産食材","2016100000","2016年度","比率",0.976,NA
"100","使用割合","2360","ホキ","100","地場産物","2017100000","2017年度","比率",0,NA
"100","使用割合","2360","ホキ","100","地場産物","2016100000","2016年度","比率",0,NA
"100","使用割合","2360","ホキ","110","国産食材","2017100000","2017年度","比率",0.015,NA
"100","使用割合","2360","ホキ","110","国産食材","2016100000","2016年度","比率",0,NA
"100","使用割合","2370","ほたてがい","100","地場産物","2017100000","2017年度","比率",0.346,NA
"100","使用割合","2370","ほたてがい","100","地場産物","2016100000","2016年度","比率",0.219,NA
"100","使用割合","2370","ほたてがい","110","国産食材","2017100000","2017年度","比率",0.885,NA
"100","使用割合","2370","ほたてがい","110","国産食材","2016100000","2016年度","比率",0.938,NA
"100","使用割合","2380","ほっけ","100","地場産物","2017100000","2017年度","比率",0.333,NA
"100","使用割合","2380","ほっけ","100","地場産物","2016100000","2016年度","比率",0.091,NA
"100","使用割合","2380","ほっけ","110","国産食材","2017100000","2017年度","比率",0.444,NA
"100","使用割合","2380","ほっけ","110","国産食材","2016100000","2016年度","比率",0.182,NA
"100","使用割合","2390","ほんもろこ（魚類）","100","地場産物","2017100000","2017年度","比率",1,NA
"100","使用割合","2390","ほんもろこ（魚類）","100","地場産物","2016100000","2016年度","比率",1,NA
"100","使用割合","2390","ほんもろこ（魚類）","110","国産食材","2017100000","2017年度","比率",1,NA
"100","使用割合","2390","ほんもろこ（魚類）","110","国産食材","2016100000","2016年度","比率",1,NA
"100","使用割合","2410","マーガリン類","100","地場産物","2017100000","2017年度","比率",0,NA
"100","使用割合","2410","マーガリン類","100","地場産物","2016100000","2016年度","比率",0.004,NA
"100","使用割合","2410","マーガリン類","110","国産食材","2017100000","2017年度","比率",0.325,NA
"100","使用割合","2410","マーガリン類","110","国産食材","2016100000","2016年度","比率",0.247,NA
"100","使用割合","2420","まいたけ","100","地場産物","2017100000","2017年度","比率",0.413,NA
"100","使用割合","2420","まいたけ","100","地場産物","2016100000","2016年度","比率",0.424,NA
"100","使用割合","2420","まいたけ","110","国産食材","2017100000","2017年度","比率",1,NA
"100","使用割合","2420","まいたけ","110","国産食材","2016100000","2016年度","比率",0.983,NA
"100","使用割合","2430","まぐろ類","100","地場産物","2017100000","2017年度","比率",0.037,NA
"100","使用割合","2430","まぐろ類","100","地場産物","2016100000","2016年度","比率",0.042,NA
"100","使用割合","2430","まぐろ類","110","国産食材","2017100000","2017年度","比率",0.401,NA
"100","使用割合","2430","まぐろ類","110","国産食材","2016100000","2016年度","比率",0.365,NA
"100","使用割合","2440","まくわうり","100","地場産物","2016100000","2016年度","比率",0,NA
"100","使用割合","2440","まくわうり","110","国産食材","2016100000","2016年度","比率",1,NA
"100","使用割合","2450","まこも","100","地場産物","2017100000","2017年度","比率",1,NA
"100","使用割合","2450","まこも","100","地場産物","2016100000","2016年度","比率",1,NA
"100","使用割合","2450","まこも","110","国産食材","2017100000","2017年度","比率",1,NA
"100","使用割合","2450","まこも","110","国産食材","2016100000","2016年度","比率",1,NA
"100","使用割合","2460","まつ","100","地場産物","2016100000","2016年度","比率",0,NA
"100","使用割合","2460","まつ","110","国産食材","2016100000","2016年度","比率",0,NA
"100","使用割合","2470","マッシュルーム","100","地場産物","2017100000","2017年度","比率",0.116,NA
"100","使用割合","2470","マッシュルーム","100","地場産物","2016100000","2016年度","比率",0.121,NA
"100","使用割合","2470","マッシュルーム","110","国産食材","2017100000","2017年度","比率",0.732,NA
"100","使用割合","2470","マッシュルーム","110","国産食材","2016100000","2016年度","比率",0.729,NA
"100","使用割合","2480","マンゴー","100","地場産物","2017100000","2017年度","比率",0,NA
"100","使用割合","2480","マンゴー","100","地場産物","2016100000","2016年度","比率",0,NA
"100","使用割合","2480","マンゴー","110","国産食材","2017100000","2017年度","比率",0.5,NA
"100","使用割合","2480","マンゴー","110","国産食材","2016100000","2016年度","比率",0,NA
"100","使用割合","2490","みずかけな","100","地場産物","2017100000","2017年度","比率",0.6,NA
"100","使用割合","2490","みずかけな","100","地場産物","2016100000","2016年度","比率",1,NA
"100","使用割合","2490","みずかけな","110","国産食材","2017100000","2017年度","比率",1,NA
"100","使用割合","2490","みずかけな","110","国産食材","2016100000","2016年度","比率",1,NA
"100","使用割合","2500","みずな","100","地場産物","2017100000","2017年度","比率",0.529,NA
"100","使用割合","2500","みずな","100","地場産物","2016100000","2016年度","比率",0.456,NA
"100","使用割合","2500","みずな","110","国産食材","2017100000","2017年度","比率",0.985,NA
"100","使用割合","2500","みずな","110","国産食材","2016100000","2016年度","比率",0.985,NA
"100","使用割合","2510","みつば類","100","地場産物","2017100000","2017年度","比率",0.373,NA
"100","使用割合","2510","みつば類","100","地場産物","2016100000","2016年度","比率",0.352,NA
"100","使用割合","2510","みつば類","110","国産食材","2017100000","2017年度","比率",1,NA
"100","使用割合","2510","みつば類","110","国産食材","2016100000","2016年度","比率",1,NA
"100","使用割合","2520","みぶな","100","地場産物","2017100000","2017年度","比率",1,NA
"100","使用割合","2520","みぶな","110","国産食材","2017100000","2017年度","比率",1,NA
"100","使用割合","2530","みょうが類","100","地場産物","2016100000","2016年度","比率",1,NA
"100","使用割合","2530","みょうが類","110","国産食材","2016100000","2016年度","比率",1,NA
"100","使用割合","2540","むかご","100","地場産物","2016100000","2016年度","比率",1,NA
"100","使用割合","2540","むかご","110","国産食材","2016100000","2016年度","比率",1,NA
"100","使用割合","2550","むかでのり","100","地場産物","2016100000","2016年度","比率",0,NA
"100","使用割合","2550","むかでのり","110","国産食材","2016100000","2016年度","比率",0,NA
"100","使用割合","2560","めばる","100","地場産物","2016100000","2016年度","比率",0,NA
"100","使用割合","2560","めばる","110","国産食材","2016100000","2016年度","比率",0,NA
"100","使用割合","2570","メルルーサ（魚類）","100","地場産物","2017100000","2017年度","比率",0,NA
"100","使用割合","2570","メルルーサ（魚類）","100","地場産物","2016100000","2016年度","比率",0,NA
"100","使用割合","2570","メルルーサ（魚類）","110","国産食材","2017100000","2017年度","比率",0.063,NA
"100","使用割合","2570","メルルーサ（魚類）","110","国産食材","2016100000","2016年度","比率",0,NA
"100","使用割合","2590","メロン","100","地場産物","2017100000","2017年度","比率",0.211,NA
"100","使用割合","2590","メロン","100","地場産物","2016100000","2016年度","比率",0.183,NA
"100","使用割合","2590","メロン","110","国産食材","2017100000","2017年度","比率",1,NA
"100","使用割合","2590","メロン","110","国産食材","2016100000","2016年度","比率",1,NA
"100","使用割合","2600","めんよう","100","地場産物","2016100000","2016年度","比率",0.5,NA
"100","使用割合","2600","めんよう","110","国産食材","2016100000","2016年度","比率",0.5,NA
"100","使用割合","2610","もずく類","100","地場産物","2017100000","2017年度","比率",0.063,NA
"100","使用割合","2610","もずく類","100","地場産物","2016100000","2016年度","比率",0.151,NA
"100","使用割合","2610","もずく類","110","国産食材","2017100000","2017年度","比率",1,NA
"100","使用割合","2610","もずく類","110","国産食材","2016100000","2016年度","比率",1,NA
"100","使用割合","2620","もも類","100","地場産物","2017100000","2017年度","比率",0.11,NA
"100","使用割合","2620","もも類","100","地場産物","2016100000","2016年度","比率",0.103,NA
"100","使用割合","2620","もも類","110","国産食材","2017100000","2017年度","比率",0.545,NA
"100","使用割合","2620","もも類","110","国産食材","2016100000","2016年度","比率",0.465,NA
"100","使用割合","2630","もやし類","100","地場産物","2017100000","2017年度","比率",0.385,NA
"100","使用割合","2630","もやし類","100","地場産物","2016100000","2016年度","比率",0.479,NA
"100","使用割合","2630","もやし類","110","国産食材","2017100000","2017年度","比率",0.963,NA
"100","使用割合","2630","もやし類","110","国産食材","2016100000","2016年度","比率",0.976,NA
"100","使用割合","2640","モロヘイヤ","100","地場産物","2017100000","2017年度","比率",0.25,NA
"100","使用割合","2640","モロヘイヤ","100","地場産物","2016100000","2016年度","比率",0,NA
"100","使用割合","2640","モロヘイヤ","110","国産食材","2017100000","2017年度","比率",1,NA
"100","使用割合","2640","モロヘイヤ","110","国産食材","2016100000","2016年度","比率",1,NA
"100","使用割合","2650","ヤーコン","100","地場産物","2017100000","2017年度","比率",1,NA
"100","使用割合","2650","ヤーコン","100","地場産物","2016100000","2016年度","比率",1,NA
"100","使用割合","2650","ヤーコン","110","国産食材","2017100000","2017年度","比率",1,NA
"100","使用割合","2650","ヤーコン","110","国産食材","2016100000","2016年度","比率",1,NA
"100","使用割合","2660","やまのいも類","100","地場産物","2017100000","2017年度","比率",0.533,NA
"100","使用割合","2660","やまのいも類","100","地場産物","2016100000","2016年度","比率",0.476,NA
"100","使用割合","2660","やまのいも類","110","国産食材","2017100000","2017年度","比率",1,NA
"100","使用割合","2660","やまのいも類","110","国産食材","2016100000","2016年度","比率",0.952,NA
"100","使用割合","2670","やまめ","100","地場産物","2017100000","2017年度","比率",1,NA
"100","使用割合","2670","やまめ","110","国産食材","2017100000","2017年度","比率",1,NA
"100","使用割合","2680","ようさい","100","地場産物","2017100000","2017年度","比率",1,NA
"100","使用割合","2680","ようさい","100","地場産物","2016100000","2016年度","比率",0,NA
"100","使用割合","2680","ようさい","110","国産食材","2017100000","2017年度","比率",1,NA
"100","使用割合","2680","ようさい","110","国産食材","2016100000","2016年度","比率",1,NA
"100","使用割合","2690","よもぎ","100","地場産物","2017100000","2017年度","比率",0,NA
"100","使用割合","2690","よもぎ","110","国産食材","2017100000","2017年度","比率",1,NA
"100","使用割合","2700","ライむぎ","100","地場産物","2016100000","2016年度","比率",0,NA
"100","使用割合","2700","ライむぎ","110","国産食材","2016100000","2016年度","比率",0.182,NA
"100","使用割合","2710","らっかせい","100","地場産物","2017100000","2017年度","比率",0.226,NA
"100","使用割合","2710","らっかせい","100","地場産物","2016100000","2016年度","比率",0.227,NA
"100","使用割合","2710","らっかせい","110","国産食材","2017100000","2017年度","比率",0.452,NA
"100","使用割合","2710","らっかせい","110","国産食材","2016100000","2016年度","比率",0.386,NA
"100","使用割合","2720","らっきょう類","100","地場産物","2017100000","2017年度","比率",1,NA
"100","使用割合","2720","らっきょう類","100","地場産物","2016100000","2016年度","比率",1,NA
"100","使用割合","2720","らっきょう類","110","国産食材","2017100000","2017年度","比率",1,NA
"100","使用割合","2720","らっきょう類","110","国産食材","2016100000","2016年度","比率",1,NA
"100","使用割合","2730","りんご","100","地場産物","2017100000","2017年度","比率",0.198,NA
"100","使用割合","2730","りんご","100","地場産物","2016100000","2016年度","比率",0.151,NA
"100","使用割合","2730","りんご","110","国産食材","2017100000","2017年度","比率",0.947,NA
"100","使用割合","2730","りんご","110","国産食材","2016100000","2016年度","比率",0.976,NA
"100","使用割合","2740","ルバーブ","100","地場産物","2016100000","2016年度","比率",1,NA
"100","使用割合","2740","ルバーブ","110","国産食材","2016100000","2016年度","比率",1,NA
"100","使用割合","2750","レタス類","100","地場産物","2017100000","2017年度","比率",0.182,NA
"100","使用割合","2750","レタス類","100","地場産物","2016100000","2016年度","比率",0.483,NA
"100","使用割合","2750","レタス類","110","国産食材","2017100000","2017年度","比率",1,NA
"100","使用割合","2750","レタス類","110","国産食材","2016100000","2016年度","比率",0.983,NA
"100","使用割合","2760","れんこん","100","地場産物","2017100000","2017年度","比率",0.371,NA
"100","使用割合","2760","れんこん","100","地場産物","2016100000","2016年度","比率",0.352,NA
"100","使用割合","2760","れんこん","110","国産食材","2017100000","2017年度","比率",0.966,NA
"100","使用割合","2760","れんこん","110","国産食材","2016100000","2016年度","比率",0.926,NA
"100","使用割合","2770","レンズまめ","100","地場産物","2017100000","2017年度","比率",0,NA
"100","使用割合","2770","レンズまめ","100","地場産物","2016100000","2016年度","比率",0,NA
"100","使用割合","2770","レンズまめ","110","国産食材","2017100000","2017年度","比率",0.033,NA
"100","使用割合","2770","レンズまめ","110","国産食材","2016100000","2016年度","比率",0.045,NA
"100","使用割合","2780","わかさぎ","100","地場産物","2017100000","2017年度","比率",0.059,NA
"100","使用割合","2780","わかさぎ","100","地場産物","2016100000","2016年度","比率",0.182,NA
"100","使用割合","2780","わかさぎ","110","国産食材","2017100000","2017年度","比率",0.118,NA
"100","使用割合","2780","わかさぎ","110","国産食材","2016100000","2016年度","比率",0.455,NA
"100","使用割合","2790","わかめ","100","地場産物","2017100000","2017年度","比率",0.112,NA
"100","使用割合","2790","わかめ","100","地場産物","2016100000","2016年度","比率",0.126,NA
"100","使用割合","2790","わかめ","110","国産食材","2017100000","2017年度","比率",0.739,NA
"100","使用割合","2790","わかめ","110","国産食材","2016100000","2016年度","比率",0.723,NA
"100","使用割合","2800","わけぎ","100","地場産物","2017100000","2017年度","比率",0,NA
"100","使用割合","2800","わけぎ","100","地場産物","2016100000","2016年度","比率",0,NA
"100","使用割合","2800","わけぎ","110","国産食材","2017100000","2017年度","比率",1,NA
"100","使用割合","2800","わけぎ","110","国産食材","2016100000","2016年度","比率",1,NA
"100","使用割合","2810","わらび","100","地場産物","2017100000","2017年度","比率",0.6,NA
"100","使用割合","2810","わらび","100","地場産物","2016100000","2016年度","比率",0.75,NA
"100","使用割合","2810","わらび","110","国産食材","2017100000","2017年度","比率",0.733,NA
"100","使用割合","2810","わらび","110","国産食材","2016100000","2016年度","比率",0.938,NA
"100","使用割合","2820","液状乳類","100","地場産物","2017100000","2017年度","比率",0.757,NA
"100","使用割合","2820","液状乳類","100","地場産物","2016100000","2016年度","比率",0.751,NA
"100","使用割合","2820","液状乳類","110","国産食材","2017100000","2017年度","比率",0.993,NA
"100","使用割合","2820","液状乳類","110","国産食材","2016100000","2016年度","比率",0.996,NA
"100","使用割合","2830","魚肉ソーセージ","100","地場産物","2016100000","2016年度","比率",0,NA
"100","使用割合","2830","魚肉ソーセージ","110","国産食材","2016100000","2016年度","比率",0.5,NA
"100","使用割合","2840","強化米","100","地場産物","2017100000","2017年度","比率",0.184,NA
"100","使用割合","2840","強化米","100","地場産物","2016100000","2016年度","比率",0.122,NA
"100","使用割合","2840","強化米","110","国産食材","2017100000","2017年度","比率",0.987,NA
"100","使用割合","2840","強化米","110","国産食材","2016100000","2016年度","比率",0.998,NA
"100","使用割合","2850","鶏卵","100","地場産物","2017100000","2017年度","比率",0.427,NA
"100","使用割合","2850","鶏卵","100","地場産物","2016100000","2016年度","比率",0.449,NA
"100","使用割合","2850","鶏卵","110","国産食材","2017100000","2017年度","比率",0.979,NA
"100","使用割合","2850","鶏卵","110","国産食材","2016100000","2016年度","比率",0.977,NA
"100","使用割合","2860","砂糖類","100","地場産物","2017100000","2017年度","比率",0.018,NA
"100","使用割合","2860","砂糖類","100","地場産物","2016100000","2016年度","比率",0.011,NA
"100","使用割合","2860","砂糖類","110","国産食材","2017100000","2017年度","比率",0.434,NA
"100","使用割合","2860","砂糖類","110","国産食材","2016100000","2016年度","比率",0.354,NA
"100","使用割合","2870","雑穀","100","地場産物","2017100000","2017年度","比率",0.353,NA
"100","使用割合","2870","雑穀","100","地場産物","2016100000","2016年度","比率",0.917,NA
"100","使用割合","2870","雑穀","110","国産食材","2017100000","2017年度","比率",1,NA
"100","使用割合","2870","雑穀","110","国産食材","2016100000","2016年度","比率",1,NA
"100","使用割合","2880","焼き竹輪","100","地場産物","2017100000","2017年度","比率",0.107,NA
"100","使用割合","2880","焼き竹輪","100","地場産物","2016100000","2016年度","比率",0.127,NA
"100","使用割合","2880","焼き竹輪","110","国産食材","2017100000","2017年度","比率",0.612,NA
"100","使用割合","2880","焼き竹輪","110","国産食材","2016100000","2016年度","比率",0.611,NA
"100","使用割合","2890","焼き抜きかまぼこ","100","地場産物","2017100000","2017年度","比率",0.25,NA
"100","使用割合","2890","焼き抜きかまぼこ","100","地場産物","2016100000","2016年度","比率",0.286,NA
"100","使用割合","2890","焼き抜きかまぼこ","110","国産食材","2017100000","2017年度","比率",0.542,NA
"100","使用割合","2890","焼き抜きかまぼこ","110","国産食材","2016100000","2016年度","比率",0.667,NA
"100","使用割合","2900","蒸しかまぼこ","100","地場産物","2017100000","2017年度","比率",0.087,NA
"100","使用割合","2900","蒸しかまぼこ","100","地場産物","2016100000","2016年度","比率",0.073,NA
"100","使用割合","2900","蒸しかまぼこ","110","国産食材","2017100000","2017年度","比率",0.52,NA
"100","使用割合","2900","蒸しかまぼこ","110","国産食材","2016100000","2016年度","比率",0.453,NA
"100","使用割合","2910","植物油脂類","100","地場産物","2017100000","2017年度","比率",0.008,NA
"100","使用割合","2910","植物油脂類","100","地場産物","2016100000","2016年度","比率",0.006,NA
"100","使用割合","2910","植物油脂類","110","国産食材","2017100000","2017年度","比率",0.372,NA
"100","使用割合","2910","植物油脂類","110","国産食材","2016100000","2016年度","比率",0.37,NA
"100","使用割合","2920","動物脂類","100","地場産物","2017100000","2017年度","比率",0.017,NA
"100","使用割合","2920","動物脂類","100","地場産物","2016100000","2016年度","比率",0.005,NA
"100","使用割合","2920","動物脂類","110","国産食材","2017100000","2017年度","比率",0.878,NA
"100","使用割合","2920","動物脂類","110","国産食材","2016100000","2016年度","比率",0.857,NA
"100","使用割合","2930","発酵乳・乳酸菌飲料","100","地場産物","2017100000","2017年度","比率",0.315,NA
"100","使用割合","2930","発酵乳・乳酸菌飲料","100","地場産物","2016100000","2016年度","比率",0.311,NA
"100","使用割合","2930","発酵乳・乳酸菌飲料","110","国産食材","2017100000","2017年度","比率",0.95,NA
"100","使用割合","2930","発酵乳・乳酸菌飲料","110","国産食材","2016100000","2016年度","比率",0.957,NA
"100","使用割合","2940","粉乳類","100","地場産物","2017100000","2017年度","比率",0.025,NA
"100","使用割合","2940","粉乳類","100","地場産物","2016100000","2016年度","比率",0.026,NA
"100","使用割合","2940","粉乳類","110","国産食材","2017100000","2017年度","比率",0.347,NA
"100","使用割合","2940","粉乳類","110","国産食材","2016100000","2016年度","比率",0.358,NA
"100","使用割合","2950","練乳類","100","地場産物","2017100000","2017年度","比率",0.029,NA
"100","使用割合","2950","練乳類","100","地場産物","2016100000","2016年度","比率",0.012,NA
"100","使用割合","2950","練乳類","110","国産食材","2017100000","2017年度","比率",0.794,NA
"100","使用割合","2950","練乳類","110","国産食材","2016100000","2016年度","比率",0.902,NA
